,Beta,Book Value Per Share,Cash Flow,Current Ratio,D/E Ratio,Date,Difference,Diluted EPS,EBITDA,Earnings Growth,Enterprise Value,Enterprise Value/EBITDA,Enterprise Value/Revenue,Forward P/E,Gross Profit,Held by Insiders,Held by Institutions,Market Cap,Net Income Avl to Common ,Operating Margin,PEG Ratio,Price,Price/Book,Price/Sales,Profit Margin,Return on Assets,Return on Equity,Revenue,Revenue Growth,Revenue Per Share,SP500,Shares Short (as of,Short % of Float,Short Ratio,Status,Ticker,Total Cash,Total Cash Per Share,Total Debt,Trailing P/E,Unix,sp500_p_change,stock_p_change
0,1.55,11.36,13850000000.0,3.20,54.36,2011-08-02 06:45:37,-2.492012938976888,2.52,11.89,85.20,13850000000.0,11.89,2.25,12.44,2930000000.0,0.25,82.10,13850000000.0,89000000.0,14.80,0.63,40.0,3.71,2.38,14.46,6.94,27.00,2.25,31.90,17.77,1254.050049,436000.00000000006,1.40,1.20,underperform,a,2980000000.0,8.55,2150000000.0,16.18,1312281937.0,10.867012938976892,8.375000000000004
1,1.66,15.41,1320000000.0,2.55,44.12,2013-05-14 00:28:58,-31.13444021364713,3.13,10.75,22.20,15060000000.0,10.75,2.18,13.08,3600000000.0,0.23,83.20,15060000000.0,1100000000.0,15.69,2.07,43.0,2.83,2.19,15.96,6.85,22.38,2.18,2.80,19.85,1650.339966,437000.0,1.30,1.20,underperform,a,2450000000.0,7.06,2360000000.0,13.75,1368505738.0,45.90188207411225,14.76744186046512
2,1.81,14.46,1260000000.0,2.96,56.39,2013-09-06 06:09:52,-24.307618993936007,2.69,11.93,30.90,15860000000.0,11.93,2.32,15.09,3600000000.0,0.23,83.50,15860000000.0,93800000.0,14.04,2.16,47.0,3.31,2.32,13.73,5.98,19.41,2.32,4.10,19.80,1655.170044,278000.0,0.80,1.20,underperform,a,2330000000.0,7.04,2700000000.0,17.74,1378462192.0,46.32889558968069,22.021276595744684
3,1.808,14.078,2530000000.0,1.374,0.595,2004-04-13 04:20:10,0.0,1.375,10.8,53.70,36340000000.0,10.8,1.65,12.98,4019999999.9999995,1.00,79.36,29780000000.0,1190000000.0,8.44,1.26,34.26,2.41,1.33,6.40,4.52,10.66,1.65,11.40,25.638,1129.439941,1254000.0,1.46,2.497,underperform,aa,45900000.0,0.53,7310000000.0,24.92,1081844410.0,0.0,0.0
4,1.676,14.049,1780000000.0,1.372,0.561,2004-09-09 16:15:45,-3.1861590807703393,1.575,9.7,53.70,35240000000.0,9.7,1.56,12.75,4019999999.9999995,1.00,76.64,28610000000.0,1370000000.0,9.46,1.43,32.89,2.34,1.26,7.04,5.08,11.87,1.56,11.40,25.984,1118.380005,778000.0,0.90,1.935,underperform,aa,46600000.0,0.54,6880000000.0,20.88,1094760945.0,-0.9792407368033841,-4.165399817573723
5,1.736,14.36,2140000000.0000002,1.293,0.53,2004-11-24 10:37:20,-6.657405431420965,1.588,9.53,53.70,35370000000.0,9.53,1.52,13.49,4019999999.9999995,1.04,77.19,29230000000.0,1390000000.0,9.57,1.47,33.58,2.34,1.26,7.01,5.13,11.58,1.52,11.40,26.536,1181.76001,991000.0,1.15,2.209,underperform,aa,56100000.0,0.64,6650000000.0,21.15,1101310640.0,4.6323905416056,-2.0250148898153655
6,1.736,14.36,2140000000.0000002,1.293,0.53,2004-12-05 00:36:42,-9.651668000903804,1.588,9.36,53.70,34750000000.0,9.36,1.49,13.20,4019999999.9999995,1.04,77.11,28600000000.0,1390000000.0,9.57,1.50,32.86,2.33,1.25,7.01,5.13,11.58,1.49,11.40,26.536,1190.329956,991000.0,1.15,2.209,underperform,aa,56100000.0,0.64,6650000000.0,20.69,1102225002.0,5.391168913867899,-4.260499087035906
7,1.611,15.207,2140000000.0000002,1.322,0.457,2005-01-13 07:18:32,-20.66260492334135,1.597,8.57,53.70,31510000000.0,8.57,1.34,11.96,4019999999.9999995,1.04,77.16,25630000000.0,1400000000.0,9.39,1.12,29.43,1.95,1.10,7.02,5.12,11.17,1.34,11.40,26.757,1177.449951,1281000.0,1.49,2.918,underperform,aa,45700000.0,0.52,6080000000.0,18.43,1105618712.0,4.250780254635953,-16.411824668705396
8,1.611,15.207,2140000000.0000002,1.322,0.457,2005-02-07 03:48:37,-23.049277158703358,1.60,8.5,53.70,31260000000.0,8.5,1.33,11.89,4019999999.9999995,1.04,75.67,25580000000.0,1400000000.0,9.39,1.39,29.37,1.92,1.08,7.02,5.12,11.17,1.33,11.40,26.757,1201.719971,1184000.0,1.37,1.892,underperform,aa,45700000.0,0.52,6080000000.0,18.39,1107766117.0,6.399634666364247,-16.64964249233911
9,2.28,14.66,20950000000.0,1.36,48.26,2011-09-03 09:21:23,-193.41986105262055,0.87,6.18,136.80,20950000000.0,6.18,0.89,8.60,3840000000.0,0.09,59.60,20950000000.0,94900000.0,8.20,0.28,12.0,0.85,0.57,4.04,3.05,6.55,0.89,27.00,22.58,1218.890015,5373000.0,5.10,1.90,underperform,aa,1270000000.0,1.19,9350000000.0,13.78,1315056083.0,7.919861052620579,-185.49999999999997
10,2.01,13.97,19100000000.0,1.36,50.93,2011-11-02 22:04:47,-252.20299694235797,0.95,5.29,182.00,19100000000.0,5.29,0.78,10.39,3840000000.0,0.09,59.60,19100000000.0,1060000000.0,8.64,0.34,10.0,0.74,0.45,4.31,3.41,7.22,0.78,21.40,23.44,1237.900024,6146000.0,5.80,1.50,underperform,aa,1340000000.0,1.25,9310000000.0,11.23,1320285887.0,9.602996942357994,-242.59999999999997
11,2.01,13.97,19660000000.0,1.36,50.93,2011-11-05 21:29:24,-252.20299694235797,0.95,5.45,182.00,19660000000.0,5.45,0.80,10.61,3840000000.0,0.09,59.60,19660000000.0,1060000000.0,8.64,0.34,10.0,0.78,0.47,4.31,3.41,7.22,0.80,21.40,23.44,1237.900024,6146000.0,5.80,1.50,underperform,aa,1340000000.0,1.25,9310000000.0,11.47,1320542964.0,9.602996942357994,-242.59999999999997
12,2.10,13.97,2420000000.0,1.36,50.93,2012-01-02 19:42:06,-339.5972200112321,0.95,4.78,182.00,17240000000.0,4.78,0.70,9.83,3840000000.0,0.09,59.60,17240000000.0,1060000000.0,8.64,0.47,8.0,0.62,0.37,4.31,3.41,7.22,0.70,21.40,23.44,1257.599976,5686000.0,5.40,2.00,underperform,aa,1340000000.0,1.25,9310000000.0,9.08,1325551326.0,11.347220011232087,-328.25
13,1.96,13.21,2190000000.0,1.25,55.28,2012-05-19 11:51:52,-345.5470780391412,0.37,5.80,69.50,17030000000.000002,5.80,0.68,8.60,4470000000.0,0.06,63.40,17030000000.000002,39800000.0,5.79,1.16,8.0,0.64,0.36,1.59,2.23,3.00,0.68,0.80,23.48,1324.800049,7231000.0,6.80,2.70,underperform,aa,1760000000.0,1.65,9740000000.0,23.10,1337442712.0,17.297078039141155,-328.25
14,1.86,12.50,1660000000.0,1.20,53.21,2013-04-23 20:02:57,-368.0343277617893,0.22,7.39,58.50,16070000000.0,7.39,0.68,10.40,3210000000.0,0.08,58.10,16070000000.0,24400000.0,3.06,2.60,8.0,0.65,0.37,1.05,1.11,1.36,0.68,2.90,22.03,1578.780029,7270999.999999999,6.80,4.90,underperform,aa,1560000000.0,1.45,8920000000.0,36.21,1366761777.0,39.78432776178932,-328.25
15,1.86,12.50,1660000000.0,1.20,53.21,2013-04-26 20:55:15,-368.34067083275744,0.22,7.55,58.50,16399999999.999998,7.55,0.70,10.88,3210000000.0,0.08,58.10,16399999999.999998,24400000.0,3.06,2.87,8.0,0.67,0.38,1.05,1.11,1.36,0.70,2.90,22.03,1582.23999,8868000.0,8.30,4.50,underperform,aa,1560000000.0,1.45,8920000000.0,36.92,1367024115.0,40.090670832757446,-328.25
16,1.701,12.042,36100000.0,2.921,2.921,2004-06-03 01:20:38,23.518365565025732,0.454,21.08,6.20,6070000000.0,21.08,0.85,37.08,1710000000.0,1.06,66.12,10990000000.0,16900000.0,2.31,2.89,28.92,2.33,1.49,2.36,2.54,3.95,0.85,8.10,19.326,1116.640015,1171000.0,3.12,1.978,outperform,aapl,4590000000.0,12.09,2.921,63.70,1086240038.0,4.3861987503269635,27.904564315352697
17,1.744,12.493,36100000.0,2.917,2.917,2004-08-10 02:02:44,30.31685640184247,0.557,17.9,6.20,6590000000.0,17.9,0.86,34.43,1710000000.0,1.19,64.33,11750000000.0,21100000.0,3.00,2.65,30.3,2.38,1.51,2.76,3.09,4.78,0.86,8.10,20.197,1079.040039,1303000.0,3.40,1.386,outperform,aapl,4970000000.0,12.8,2.917,54.40,1092117764.0,0.8712624100387102,31.188118811881182
18,1.802,12.493,56400000.0,2.917,2.917,2004-10-12 05:40:57,41.09815597080385,0.557,27.68,6.20,10190000000.0,27.68,1.33,41.05,1710000000.0,1.19,67.52,14970000000.0,21100000.0,3.00,3.38,38.59,3.13,1.98,2.76,3.09,4.78,1.33,8.10,20.197,1121.839966,1496000.0,3.90,2.196,outperform,aapl,4970000000.0,12.8,2.917,69.28,1097574057.0,4.8723026972448675,45.97045866804872
19,1.775,12.968,56400000.0,2.632,2.632,2004-12-04 14:16:51,55.36366357731431,0.709,61.54,6.20,20060000000.0,61.54,2.42,37.09,1710000000.0,1.26,72.07,24540000000.0,27600000.0,3.94,2.21,62.68,5.03,3.08,3.33,3.86,6.02,2.42,8.10,21.419,1191.369995,1939999.9999999998,5.02,1.508,outperform,aapl,5460000000.0,13.96,2.632,88.41,1102187811.0,11.372137316112614,66.73580089342693
20,1.81,14.312,93400000.0,2.581,2.581,2005-01-26 15:16:47,61.26262753823666,1.244,34.66,300.00,22700000000.0,34.66,2.33,30.35,2260000000.0,1.47,71.08,29100000000.0,50800000.0,6.71,1.71,71.94,5.03,2.99,5.20,6.62,10.37,2.33,33.40,24.517,1174.069946,1438000.0,3.61,0.892,outperform,aapl,6450000000.0,15.94,2.581,57.83,1106770607.0,9.754887057259594,71.01751459549625
21,1.81,14.312,93400000.0,2.581,2.581,2005-02-04 03:07:08,60.74181297495837,1.24,32.09,300.00,26090000000.0,32.09,2.67,32.83,2260000000.0,1.54,68.75,31480000000.0,50800000.0,6.71,1.92,77.81,5.56,3.30,5.20,6.62,10.37,2.67,33.40,24.517,1203.030029,1559000.0,3.88,0.761,outperform,aapl,6450000000.0,15.78,2.581,62.55,1107504428.0,12.46214538514959,73.20395836010796
22,1.8,14.312,1490000000.0,2.581,2.581,2005-03-01 10:36:03,40.37002262599276,0.62,37.16,300.00,30210000000.0,37.16,3.09,18.24,2260000000.0,1.54,74.88,18330000000.0,50800000.0,6.71,2.06,44.86,3.11,1.86,5.20,6.63,10.37,3.09,33.40,12.259,1210.410034,3065000.0,3.81,0.87,outperform,aapl,6450000000.0,7.89,2.581,72.01,1109691363.0,13.152046032054496,53.52206865804725
23,0.87,135.79,52890000000.0,1.88,13.75,2013-08-11 02:30:32,36.72297098034225,40.11,7.06,21.80,394500000000.0,7.06,2.33,10.73,68660000000.0,0.04,62.00,394500000000.0,37750000000.0,29.46,0.64,454.0,3.40,2.47,22.28,17.20,32.11,2.33,0.90,181.40,1697.47998,2604000.0,2.80,2.10,outperform,aapl,42680000000.0,46.97,16960000000.0,11.33,1376202632.0,58.6845180064419,95.40748898678414
24,1.81,1.87,5940000000.0,2.21,512.61,2013-06-19 09:57:38,0.0,3.38,9.69,9.60,76110000000.0,9.69,4.11,13.48,13870000000.0,0.02,6.30,76110000000.0,5360000000.0,36.65,2.05,43.0,23.32,3.72,28.92,18.41,71.43,4.11,3.70,11.73,1628.930054,1140000.0,0.70,2.10,underperform,abbv,7480000000.0,4.72,15160000000.0,12.88,1371650258.0,0.0,0.0
25,0.123,36.89,35482000.0,1.452,0.429,2004-01-28 07:37:34,-10.314908517247565,3.998,8.01,27.90,7780000000.0,8.01,0.15,12.20,2250000000.0,2.00,84.35,6320000000.0,45696000.0,1.78,0.91,56.36,1.52,0.12,0.90,3.76,11.95,0.15,9.80,432.868,1128.47998,548000.0,4.98,2.458,underperform,abc,28322000.000000004,2.53,1770000000.0,14.10,1075293454.0,9.161608304330604,-1.1533002129169598
26,0.122,37.967999,56677000.0,1.365,0.412,2004-05-16 19:24:15,-2.73854522215281,4.198,7.75,27.90,7710000000.0,7.75,0.15,13.08,2250000000.0,1.96,86.21,6620000000.0,48270000.0,1.78,0.95,58.97,1.55,0.13,0.93,3.94,12.09,0.15,9.80,441.08,1096.439941,540000.0,4.91,4.396,underperform,abc,66376000.0,5.91,1750000000.0,14.05,1084749855.0,6.062269149573535,3.3237239274207244
27,0.071,39.075001,99210000.0,1.39,0.331,2004-10-20 01:31:26,-16.184876934248255,4.294,6.5,27.90,6510000000.0,6.5,0.12,12.58,2250000000.0,1.99,90.22,5860000000.0,49593000.0,1.77,0.91,52.1,1.36,0.11,0.95,4.06,12.00,0.12,9.80,445.314,1103.660034,753000.0,6.84,5.682,underperform,abc,90317000.0,8.03,1460000000.0,12.13,1098250286.0,6.760692673211792,-9.424184261036462
28,0.033,39.556,82508000.0,1.359,0.332,2005-01-08 07:45:42,-12.969959218149345,4.062,7.08,6.20,6670000000.0,7.08,0.13,12.87,2180000000.0,1.73,95.00,6090000000.0,46839000.0,1.63,1.08,57.9,1.47,0.11,0.88,3.89,11.09,0.13,7.10,451.509,1183.73999,809000.0,7.83,5.677,underperform,abc,87134000.0,8.29,1440000000.0,14.25,1105188342.0,14.507092206059536,1.5371329879101912
29,0.024,39.708,1400000000.0,1.343,0.291,2005-03-30 19:52:42,-17.113598172479488,3.78,7.68,6.20,6710000000.0,7.68,0.13,14.07,2180000000.0,1.18,93.01,6160000000.0,43077000.0,1.48,1.23,55.44,1.36,0.11,0.81,3.62,10.10,0.13,7.10,460.193,1181.410034,551000.0,5.02,4.345,underperform,abc,52954000.0,4.77,1230000000.0,14.67,1112226762.0,14.281707840589156,-2.8318903318903326
30,0.031,39.949001,68870000.0,1.258,0.23,2005-05-26 01:50:44,-2.3202501028441525,3.43,17.97,6.20,14150000000.0,17.97,0.27,16.57,2180000000.0,1.06,95.00,6870000000.0,38526000.0,1.32,1.45,65.93,1.65,0.13,0.72,3.25,9.01,0.27,7.10,466.43,1197.619995,778000.0,7.54,4.636,underperform,abc,1150000000.0,11.07,95780000.0,19.23,1117086644.0,15.849751088738294,13.529500985894142
31,0.77,11.45,11240000000.0,1.10,42.86,2011-07-08 00:04:15,-62.57162750898439,2.41,8.95,18.40,11240000000.0,8.95,0.14,15.49,2360000000.0,0.71,93.20,11240000000.0,67931000.0,1.45,1.36,43.0,3.76,0.15,0.86,5.02,22.78,0.14,2.40,284.55,1343.800049,482000.0,1.80,2.20,underperform,abc,1910000000.0,6.98,1340000000.0,17.89,1310097855.0,29.99023216014719,-32.581395348837205
32,0.77,11.24,1700000000.0,1.06,66.41,2012-02-28 18:01:38,-86.81660517763012,2.59,6.78,1.00,9280000000.0,6.78,0.12,11.91,2540000000.0,0.73,96.50,9280000000.0,70824000.0,1.54,1.06,37.0,3.35,0.12,0.88,5.16,24.15,0.12,2.40,300.87,1372.180054,616000.0,2.40,2.70,underperform,abc,2370000000.0,9.19,1930000000.0,14.57,1330470098.0,32.73552409654906,-54.081081081081074
33,0.66,10.16,63204000.0,0.96,59.73,2013-04-25 01:02:00,-56.99232884276946,2.90,9.69,4.00,13850000000.0,9.69,0.17,15.17,2670000000.0,0.18,93.60,13850000000.0,71045000.0,1.58,1.52,55.0,5.54,0.16,0.90,5.07,27.11,0.17,5.70,327.31,1585.160034,850000.0,3.70,3.00,underperform,abc,41740000.0,1.81,1400000000.0,19.22,1366866120.0,53.33778338822401,-3.6545454545454508
34,0.259,8.216,4480000000.0,1.378,0.543,2004-09-20 13:31:02,0.0,1.973,13.98,1.40,71550000000.0,13.98,3.63,17.10,10210000000.0,6.63,61.02,67000000000.0,3100000000.0,19.08,1.57,42.92,5.22,3.40,15.73,11.53,24.56,3.63,11.30,12.54,1122.199951,1038000.0000000001,0.71,3.621,underperform,abt,2420000000.0,1.55,6970000000.0,21.75,1095701462.0,0.0,0.0
35,0.23,8.216,4480000000.0,1.378,0.543,2004-10-23 22:48:08,-3.389500883173926,1.999,13.35,1.40,68330000000.0,13.35,3.49,16.21,10210000000.0,6.63,60.92,63790000000.0,3150000000.0,19.08,1.52,40.86,5.00,3.28,16.08,11.58,24.54,3.49,11.30,12.427,1103.660034,989000.0,0.68,3.561,underperform,abt,2420000000.0,1.55,6970000000.0,20.44,1098586088.0,-1.6521045989601955,-5.041605482134122
36,0.246,8.319,4250000000.0,1.4,0.508,2005-01-25 12:44:11,2.4356390146050355,1.97,14.54,1.40,76200000000.0,14.54,4.03,16.70,10210000000.0,6.63,61.38,71530000000.0,3100000000.0,20.14,1.54,45.93,5.53,3.66,16.36,11.37,24.10,4.03,11.30,12.04,1168.410034,1079000.0,0.74,2.584,outperform,abt,1910000000.0,1.23,6580000000.0,23.31,1106675051.0,4.117811888943839,6.553450903548875
37,0.216,8.319,4250000000.0,1.4,0.508,2005-02-28 19:21:54,-1.3557821034742705,1.97,14.64,1.40,76730000000.0,14.64,4.05,16.59,10210000000.0,6.63,67.36,71030000000.0,3100000000.0,20.14,1.69,45.61,5.56,3.81,16.36,11.37,24.10,4.05,11.30,12.04,1203.599976,711000.0,0.49,1.952,underperform,abt,1910000000.0,1.23,6580000000.0,23.15,1109636514.0,7.253611526846333,5.8978294233720625
38,0.23,15.56,8970000000.0,1.54,62.85,2012-03-30 05:44:15,2.9569507069660084,3.01,9.24,12.30,103200000000.0,9.24,2.66,11.42,23310000000.0,0.14,65.70,103200000000.0,4710000000.0,20.90,1.47,60.0,3.93,2.47,12.17,8.40,20.00,2.66,4.10,24.94,1408.469971,2161000.0,1.40,3.10,outperform,abt,8100000000.0,5.15,15410000000.0,20.26,1333100655.0,25.509715959700653,28.46666666666666
39,0.50,14.37,6200000000.0,1.82,35.38,2013-08-18 07:12:45,-74.27664312319519,2.51,4.58,72.40,52890000000.0,4.58,1.32,15.68,24750000000.0,0.16,67.00,52890000000.0,6190000000.0,22.40,1.47,34.0,2.44,1.36,10.02,10.72,26.48,1.32,2.50,25.52,1661.319946,1019999.9999999999,0.70,1.40,underperform,abt,9390000000.0,6.04,7930000000.0,13.95,1376824365.0,48.04134900554812,-26.23529411764706
40,0.61,71.36,23530000000.0,0.72,27.70,2011-08-11 20:49:00,29.292331686297636,7.44,7.31,10.30,23530000000.0,7.31,1.44,8.49,5730000000.0,0.19,3.30,23530000000.0,2540000000.0,19.58,1.10,63.0,0.83,1.23,15.54,2.36,11.17,1.44,13.10,48.24,1172.640015,237000.0,0.80,1.30,outperform,ace,3210000000.0,9.51,6680000000.0,8.52,1313110140.0,8.644176250210302,37.93650793650794
41,0.79,80.90,4000000000.0,0.93,24.94,2013-04-23 04:24:03,9.794686216677981,7.89,10.60,4.10,33990000000.000004,10.60,1.90,11.06,5320000000.0,0.34,93.10,33990000000.000004,2710000000.0,17.60,1.50,89.0,1.10,1.68,15.09,2.19,10.44,1.90,3.30,52.78,1578.780029,223000.0,0.70,1.90,outperform,ace,3090000000.0,9.10,6860000000.0,11.31,1366705443.0,46.272729513659094,56.067415730337075
42,0.79,82.17,4340000000.0,0.41,27.94,2013-05-16 15:08:57,4.585253674373796,7.83,11.06,2.10,35220000000.0,11.06,1.95,11.37,5320000000.0,0.34,93.10,35220000000.0,2690000000.0,17.34,1.39,92.0,1.13,1.75,14.88,2.13,10.07,1.95,2.60,53.02,1650.469971,227000.0,0.70,1.60,outperform,ace,3750000000.0,11.02,7810000000.0,11.84,1368731337.0,52.9147463256262,57.49999999999999
43,0.035,17.375999,14672999.999999998,1.949,0.936,2005-03-30 06:50:28,14.58571590012201,1.87,13.83,581.40,3380000000.0,13.83,1.70,11.96,43846000.0,0.67,95.00,2580000000.0,10652000.0,3.92,3.83,41.15,2.47,1.35,5.73,3.92,11.81,1.70,33.30,31.153,1181.410034,774000.0,12.42,4.298,outperform,aci,32317000.0,5.15,1010000000.0,22.02,1112179828.0,10.614770126609459,25.20048602673147
44,1.83,16.73,8400000000.0,1.24,118.77,2011-08-18 01:16:41,-68.79843286287137,0.96,10.08,83.30,8400000000.0,10.08,2.41,5.24,79046000.0,0.73,89.30,8400000000.0,16118000.0,12.59,0.38,19.0,1.20,1.23,4.62,3.65,5.69,2.41,28.90,21.08,1140.650024,631000.0,5.00,1.10,underperform,aci,8234999.999999999,0.39,4200000000.0,20.59,1313644601.0,6.798432862871357,-62.000000000000014
45,1.702,1.57,1800000000.0,1.381,0.023,2004-12-10 06:26:24,-8.558836722997913,1.219,10.94,103.40,22060000000.0,10.94,1.46,16.90,4310000000.0,6.45,36.09,24570000000.0,69083000.0,11.64,1.25,26.2,16.89,1.65,8.09,16.38,54.30,1.46,2.20,15.096,1188.0,242000.0,0.28,0.523,underperform,acn,2840000000.0,3.03,3388000.0000000005,21.49,1102677984.0,12.948149700097144,4.389312977099231
46,1.686,1.862,1570000000.0,1.45,0.023,2005-02-10 03:10:56,-12.001554767882887,1.22,10.97,38.70,21460000000.0,10.97,1.37,16.25,4620000000.0,6.38,36.29,23970000000.0,71276000.0,10.95,1.19,25.51,13.88,1.56,7.74,15.15,48.93,1.37,12.80,15.748,1197.01001,278000.0,0.32,0.979,underperform,acn,2870000000.0,3.05,4000000.0,21.00,1108023056.0,13.804769193598295,1.803214425715409
47,1.671,1.862,1570000000.0,1.45,0.023,2005-04-04 05:07:40,-14.31457607469735,1.22,10.29,38.70,20140000000.0,10.29,1.29,15.57,4620000000.0,6.38,38.48,22960000000.0,71276000.0,10.95,1.11,24.44,12.97,1.45,7.74,15.15,48.93,1.29,12.80,15.748,1176.119995,469000.00000000006,0.53,1.752,underperform,acn,2870000000.0,3.05,4000000.0,20.12,1112605660.0,11.818667727725174,-2.4959083469721746
48,0.79,5.75,29280000000.0,1.51,0.11,2011-09-01 16:51:37,38.22657680785833,3.15,7.64,28.00,29280000000.0,7.64,1.13,14.11,7250000000.0,45.71,73.70,29280000000.0,2109999999.9999998,12.83,1.46,53.0,9.32,1.33,8.12,15.56,62.34,1.13,20.60,40.45,1204.420044,1235000.0,1.90,1.80,outperform,acn,5260000000.0,8.16,462000.0,17.02,1314910297.0,14.509272248745441,52.73584905660377
49,0.82,6.05,31630000000.0,1.45,0.10,2011-11-08 00:40:19,35.5032672728164,3.40,7.79,37.40,31630000000.0,7.79,1.16,13.74,8390000000.000001,45.71,73.70,31630000000.0,2280000000.0,12.97,1.44,58.0,9.63,1.36,8.33,15.52,66.97,1.16,23.00,42.37,1275.920044,1183000.0,1.90,1.90,outperform,acn,5710000000.0,8.90,442000.0,17.07,1320730819.0,21.30707755476981,56.81034482758621
50,0.86,5.84,3810000000.0,1.45,0.15,2012-02-29 00:47:01,27.70143417628124,3.55,7.93,20.10,33520000000.000004,7.93,1.18,14.19,8390000000.000001,0.30,81.40,33520000000.000004,2390000000.0,13.00,1.40,59.0,10.21,1.36,8.38,16.43,70.63,1.18,17.10,43.97,1365.680054,851000.0,1.30,1.80,outperform,acn,5100000000.0,7.88,638000.0,16.81,1330494421.0,29.8409387050747,57.54237288135594
51,1.463,5.264,55816000.0,3.526,3.526,2004-08-21 23:10:00,21.729154433898323,1.551,17.27,39.20,9770000000.0,17.27,6.47,25.46,1200000000.0,1.91,83.27,11050000000.0,38031000.0,33.92,1.79,46.09,8.61,7.19,25.17,25.33,36.21,6.47,11.20,6.174,1095.170044,915000.0,3.89,3.026,outperform,adbe,1280000000.0,5.34,3.526,29.72,1093144200.0,-4.263326705540752,17.46582772835757
52,1.458,5.137,62152000.0,3.1,3.1,2004-11-12 17:19:37,31.009876116998953,1.706,20.77,39.20,12800000000.0,20.77,8.02,29.79,1200000000.0,1.90,82.95,13860000000.0,42025000.0,35.14,2.17,58.1,11.37,8.74,26.34,26.31,37.06,8.02,11.20,6.475,1184.170044,693000.0,2.96,2.476,outperform,adbe,1140000000.0,4.78,3.1,34.06,1100297977.0,3.5168020241370233,34.526678141135974
53,1.519,5.934,62152000.0,3.436,3.436,2005-02-07 16:20:07,35.203469846040136,1.82,21.93,39.20,14310000000.0,21.93,8.59,28.81,1560000000.0,10.85,80.71,15190000000.0,45040000.0,35.51,2.12,63.67,10.78,9.16,27.02,26.01,36.15,8.59,11.20,6.73,1201.719971,693000.0,3.18,2.587,outperform,adbe,1310000000.0,5.38,3.436,35.00,1107811207.0,5.05096709443419,40.25443694047433
54,1.615,6.682,68374000.0,3.511,3.511,2005-04-05 04:12:22,39.59194570536861,1.92,22.34,69.10,14780000000.0,22.34,8.61,28.45,1560000000.0,0.79,83.16,16200000000.0,47926000.0,34.92,2.09,66.58,9.99,9.47,27.93,25.97,35.48,8.61,28.70,6.882,1181.390015,578000.0,2.40,2.594,outperform,adbe,1470000000.0,6.03,3.511,34.70,1112688742.0,3.2737797377073887,42.865725443075995
55,1.51,10.74,15770000000.0,3.40,28.03,2011-04-24 04:02:44,-32.18271153561611,1.69,11.10,84.50,15770000000.0,11.10,3.97,13.18,3400000000.0,0.43,86.30,15770000000.0,88212000.0,28.48,1.06,33.0,3.14,4.28,22.23,8.69,16.65,3.97,19.70,7.72,1337.380005,1614999.9999999998,3.20,2.30,underperform,adbe,2640000000.0,5.23,1520000000.0,19.80,1303632164.0,16.909984262888837,-15.272727272727272
56,1.54,10.92,12410000000.0,3.23,28.17,2011-08-05 04:11:46,-51.154106180743696,1.87,8.56,54.40,12410000000.0,8.56,3.07,10.18,3400000000.0,0.43,86.30,12410000000.0,96294000.0,28.84,1.01,26.0,2.51,3.34,23.78,8.93,18.22,3.07,8.50,7.98,1199.380005,1335000.0,2.60,2.00,underperform,adbe,2630000000.0,5.32,1520000000.0,14.01,1312531906.0,4.84641387305139,-46.30769230769231
57,1.56,11.29,11680000000.0,3.36,27.25,2011-10-18 13:47:26,-53.42695277593046,1.83,8.23,15.20,11680000000.0,8.23,2.87,10.29,3400000000.0,0.43,86.30,11680000000.0,92798000.0,28.13,0.91,26.0,2.32,3.16,22.79,8.71,17.43,2.87,2.30,8.12,1225.380005,1739999.9999999998,3.50,2.40,underperform,adbe,2720000000.0,5.54,1520000000.0,14.37,1318960046.0,7.119260468238156,-46.30769230769231
58,1.61,12.12,1530000000.0,3.14,25.26,2012-03-24 12:13:07,-37.90941165789115,1.56,10.62,21.10,15450000000.0,10.62,3.65,12.76,3780000000.0,5.44,87.30,15450000000.0,78347000.0,27.90,1.49,33.0,2.78,3.93,18.51,8.47,13.73,3.65,1.70,8.55,1402.890015,1318000.0,2.70,3.40,underperform,adbe,2770000000.0,5.60,1510000000.0,21.69,1332605587.0,22.636684385163875,-15.272727272727272
59,1.32,12.35,1580000000.0,3.03,24.76,2012-07-02 04:31:22,-38.24402988161332,1.55,9.67,2.40,14430000000.0,9.67,3.33,12.22,3780000000.0,6.54,85.80,14430000000.0,77791000.0,27.87,1.44,32.0,2.52,3.54,17.94,8.53,13.54,3.33,9.90,8.78,1365.51001,1512000.0,3.10,3.90,underperform,adbe,3000000000.0,6.10,1510000000.0,20.91,1341217882.0,19.369029881613326,-18.874999999999996
60,2.687,9.198,51936000.0,6.053,6.053,2004-05-12 18:46:27,-8.479153854628283,0.918,33.84,183.30,15120000000.0,33.84,6.92,22.52,1120000000.0,1.52,79.83,16829999999.999998,35513000.0,20.38,1.46,45.04,5.07,7.97,16.25,7.46,11.15,6.92,19.90,5.663,1097.280029,764000.0,2.08,2.365,underperform,adi,2310000000.0,6.17,6.053,49.06,1084401987.0,-3.643403871837083,-12.122557726465367
61,2.715,9.575,64860000.0,5.778,5.778,2004-06-22 09:09:13,-11.764589250736988,1.116,26.34,183.30,14380000000.0,26.34,6.09,20.10,1120000000.0,1.53,82.04,16920000000.000002,43640000.0,23.06,1.25,45.03,4.78,7.28,18.48,9.37,13.19,6.09,19.90,6.058,1134.410034,691000.0,1.87,1.735,underperform,adi,2540000000.0,6.76,5.778,40.35,1087909753.0,-0.38286799998474985,-12.147457250721738
62,2.647,9.575,64860000.0,5.778,5.778,2004-08-10 02:07:28,-35.34506929946331,1.116,20.26,183.30,11060000000.0,20.26,4.68,16.04,1120000000.0,1.53,81.98,13500000000.0,43640000.0,23.06,0.99,35.92,3.78,5.76,18.48,9.37,13.19,4.68,19.90,6.058,1079.040039,685000.0,1.85,1.84,underperform,adi,2540000000.0,6.76,5.778,32.19,1092118048.0,-5.24513114597098,-40.59020044543429
63,2.739,9.991,64860000.0,6.081,6.081,2004-11-11 09:56:15,-34.21685310393622,1.339,18.14,183.30,11880000000.0,18.14,4.64,25.16,1120000000.0,1.53,81.08,14570000000.0,52650000.0,25.51,1.33,38.5,3.95,5.83,20.57,11.51,15.24,4.64,19.90,6.522,1173.47998,1096000.0,2.94,2.55,underperform,adi,2690000000.0,7.11,6.081,28.75,1100184975.0,3.0480219351050475,-31.16883116883117
64,2.443,10.11,77804000.0,6.223,6.223,2005-01-24 03:34:28,-48.69779960517861,1.452,14.63,91.30,10270000000.0,14.63,3.90,20.52,1550000000.0,1.53,82.09,12960000000.0,57074000.0,26.55,1.36,34.47,3.43,4.94,21.67,12.77,15.94,3.90,28.60,6.704,1163.75,874000.0,2.36,1.974,underperform,adi,2680000000.0,7.14,6.223,23.74,1106555668.0,2.1935930487527298,-46.50420655642588
65,2.582,10.025,70327000.0,6.453,6.453,2005-03-17 01:05:45,-45.10734965875834,1.43,16.2,91.30,11020000000.0,16.2,4.23,22.04,1550000000.0,1.67,81.54,13380000000.0,56134000.0,26.00,1.59,35.92,3.65,5.22,21.52,12.28,15.29,4.23,28.60,6.661,1190.209961,869999.9999999999,2.37,2.413,underperform,adi,2600000000.0,6.98,6.453,25.08,1111035945.0,4.517149213324047,-40.59020044543429
66,2.77,10.025,70327000.0,6.453,6.453,2005-04-08 23:33:20,-45.30149749039576,1.43,15.94,91.30,10850000000.0,15.94,4.16,21.88,1550000000.0,1.67,80.82,13290000000.0,56134000.0,26.00,1.57,35.67,3.60,5.15,21.52,12.28,15.29,4.16,28.60,6.661,1181.199951,890000.0,2.43,2.407,underperform,adi,2600000000.0,6.98,6.453,24.91,1113017600.0,3.725943803824422,-41.57555368657134
67,1.04,11.96,7510000000.0,7.30,25.32,2011-08-05 04:12:35,-68.22563366190253,2.89,6.19,44.70,7510000000.0,6.19,2.50,10.44,1800000000.0,1.93,85.10,7510000000.0,88192000.0,36.38,1.15,31.0,2.80,3.34,29.52,15.06,27.25,2.50,18.30,10.07,1199.380005,632000.0,2.10,1.80,underperform,adi,3430000000.0,11.45,90693000.0,10.94,1312531955.0,5.3224078554509235,-62.903225806451616
68,1.19,12.90,89860000.0,8.82,22.65,2012-03-19 11:50:51,-53.28302722121099,2.55,8.08,37.20,9030000000.0,8.08,3.10,14.60,1990000000.0,1.97,85.40,9030000000.0,78467000.0,34.36,2.04,39.0,3.08,4.06,26.94,12.67,21.78,3.10,11.00,9.74,1409.75,448000.00000000006,1.50,1.60,underperform,adi,3670000000.0,12.31,87016000.0,15.56,1332172251.0,23.795847734031504,-29.48717948717949
69,1.07,14.13,75769000.0,9.47,17.57,2013-04-22 02:24:41,-57.44753810698988,2.09,10.54,5.90,9730000000.0,10.54,3.64,15.87,1740000000.0,1.00,87.80,9730000000.0,64308000.00000001,30.44,5.94,42.0,3.00,4.84,24.04,9.26,15.75,3.64,4.00,8.91,1562.5,467000.0,1.50,2.30,underperform,adi,3990000000.0,13.03,75967000.0,20.28,1366611881.0,37.20944286889464,-20.238095238095237
70,1.06,14.13,75769000.0,9.47,17.57,2013-05-11 12:07:46,-53.15571409229759,2.09,11.87,5.90,10960000000.0,11.87,4.10,17.52,1740000000.0,1.00,87.80,10960000000.0,64308000.00000001,30.44,6.51,46.0,3.28,5.30,24.04,9.26,15.75,4.10,4.00,8.91,1632.689941,388000.0,1.30,1.60,underperform,adi,3990000000.0,13.03,75967000.0,22.40,1368288466.0,43.37310539664542,-9.782608695652174
71,0.393,11.738,67360000.0,1.523,0.789,2004-04-14 16:44:25,7.281860969662519,0.902,10.07,11.70,15790000000.0,10.07,0.48,15.01,1730000000.0,9.61,64.81,10890000000.0,58283000.00000001,2.69,1.72,16.81,1.45,0.33,1.76,3.23,8.19,0.48,30.90,51.297,1128.170044,534000.0,0.91,1.937,outperform,adm,1250000000.0,1.93,6000000000.0,18.64,1081975465.0,6.578936174894283,13.860797144556802
72,0.383,12.129,30529000.000000004,1.512,0.848,2004-06-19 13:33:48,3.968376762306745,1.071,8.99,11.70,15540000000.0,8.99,0.45,14.03,1730000000.0,9.61,64.94,10580000000.0,69279000.0,3.02,1.74,16.28,1.34,0.31,2.01,3.71,9.46,0.45,30.90,53.402,1133.560059,467000.0,0.80,2.005,outperform,adm,1690000000.0,2.59,6690000000.0,15.20,1087666428.0,7.088134294204316,11.056511056511061
73,0.397,12.075,86061000.0,1.605,0.613,2004-11-30 07:08:52,20.90311900847434,0.94,10.67,9.70,17320000000.0,10.67,0.47,14.25,2150000000.0,13.63,65.48,13900000000.0,61083000.00000001,2.52,2.28,21.23,1.76,0.37,1.64,3.15,7.97,0.47,17.70,57.207,1173.819946,344000.0,0.61,1.062,outperform,adm,1420000000.0,2.17,4850000000.0,22.59,1101816532.0,10.891511231751752,31.794630240226095
74,0.452,12.075,86061000.0,1.605,0.613,2005-01-26 00:58:06,25.155511287044856,0.94,11.32,9.70,18380000000.0,11.32,0.49,15.00,2150000000.0,13.63,65.03,14820000000.0,61083000.00000001,2.52,2.37,22.65,1.89,0.40,1.64,3.15,7.97,0.49,17.70,57.207,1174.069946,454000.0,0.80,2.221,outperform,adm,1420000000.0,2.17,4850000000.0,24.10,1106719086.0,10.915128889555579,36.070640176600435
75,0.428,12.075,86061000.0,1.605,0.613,2005-02-08 21:21:16,25.34667751896425,0.94,11.78,9.70,19120000000.0,11.78,0.51,15.10,2150000000.0,13.63,64.67,15520000000.0,61083000.00000001,2.52,1.79,23.71,1.99,0.42,1.64,3.15,7.97,0.51,17.70,57.207,1202.300049,454000.0,0.80,2.221,outperform,adm,1420000000.0,2.17,4850000000.0,25.22,1107915676.0,13.58204453923904,38.92872205820329
76,0.428,12.075,86061000.0,1.741,0.528,2005-02-14 20:39:46,26.95315063256906,1.08,11.42,9.70,19170000000.0,11.42,0.52,15.61,2150000000.0,13.64,64.80,16040000000.0,70351000.0,2.69,1.80,24.5,2.01,0.43,1.90,3.56,8.88,0.52,17.70,56.837,1206.140015,454000.0,0.80,2.221,outperform,adm,1250000000.0,1.9,4510000000.0,22.73,1108431586.0,13.944808551104405,40.897959183673464
77,0.28,26.10,32290000000.0,1.74,85.48,2011-07-29 19:09:22,29.6508232867525,3.25,9.17,37.30,32290000000.0,9.17,0.44,9.09,3840000000.0,2.14,71.40,32290000000.0,2100000000.0,3.56,0.96,30.0,1.18,0.27,2.86,4.30,13.25,0.44,32.60,114.86,1292.280029,1047000.0000000001,1.70,1.70,outperform,adm,1620000000.0,2.54,14260000000.0,9.43,1311980962.0,22.082510046580833,51.733333333333334
78,0.26,26.10,31540000000.0,1.74,85.48,2011-08-05 04:13:27,34.979528146331745,3.25,8.96,37.30,31540000000.0,8.96,0.43,7.84,3840000000.0,2.14,71.40,31540000000.0,2100000000.0,3.56,0.85,28.0,1.14,0.26,2.86,4.30,13.25,0.43,32.60,114.86,1199.380005,1047000.0000000001,1.70,1.70,outperform,adm,1620000000.0,2.54,14260000000.0,8.64,1312532007.0,13.30618613938254,48.285714285714285
79,0.29,27.82,26220000000.0,2.08,54.78,2011-09-28 04:29:00,33.3386296595276,3.13,7.35,14.60,26220000000.0,7.35,0.33,7.49,4300000000.0,2.14,71.40,26220000000.0,2040000000.0,3.34,0.82,25.0,0.92,0.21,2.52,4.55,12.06,0.33,45.60,125.66,1151.060059,1368000.0,2.20,1.60,outperform,adm,1350000000.0,2.00,10320000000.0,8.23,1317198540.0,8.7413703404724,42.08
80,0.63,27.52,61800000.0,1.88,51.59,2011-12-31 04:39:51,30.2314332767435,3.26,7.22,33.30,26870000000.0,7.22,0.31,8.51,4300000000.0,2.14,71.40,26870000000.0,2150000000.0,3.37,1.15,28.0,1.04,0.22,2.51,4.66,12.65,0.31,30.40,131.92,1249.640015,998000.0,1.50,2.20,outperform,adm,1830000000.0,2.73,9500000000.0,8.76,1325324391.0,18.054281008970786,48.285714285714285
81,0.77,27.81,4670000000.0,1.84,55.68,2012-07-28 11:39:41,19.979056156647673,1.99,8.67,31.00,27220000000.0,8.67,0.31,9.70,4300000000.0,2.11,8.10,27220000000.0,1320000000.0,2.58,1.11,27.0,0.98,0.20,1.48,3.36,7.54,0.31,5.40,134.59,1337.890015,737000.0,1.10,1.30,outperform,adm,1250000000.0,1.89,10330000000.0,13.83,1343489981.0,26.391314213722694,46.37037037037037
82,0.76,28.76,3470000000.0,1.73,46.71,2013-06-07 17:17:34,0.8700657222279133,1.89,11.15,32.60,28470000000.0,11.15,0.31,10.95,3670000000.0,2.18,74.60,28470000000.0,1240000000.0,1.84,1.61,33.0,1.14,0.24,1.37,2.46,6.70,0.31,2.70,138.08,1643.380005,882000.0,1.40,2.00,outperform,adm,1630000000.0,2.48,8860000000.0,17.53,1370639854.0,55.251146398984204,56.12121212121212
83,1.073,9.526,1510000000.0,1.553,0.015,2004-05-12 18:03:39,0.0,1.57,14.61,7.50,26510000000.0,14.61,3.50,26.42,4050000000.0,1.99,72.48,26980000000.0,94035000.0,19.84,2.93,45.7,4.92,3.65,12.40,4.31,17.45,3.50,2.00,12.644,1097.280029,623000.0,1.08,2.9,underperform,adp,1230000000.0,2.08,8205000.0,29.11,1084399419.0,0.0,0.0
84,0.64,12.15,23170000000.0,1.07,0.57,2011-08-05 04:11:51,-6.5388666000711435,2.52,10.81,16.30,23170000000.0,10.81,2.34,15.75,3900000000.0,0.17,74.70,23170000000.0,1250000000.0,18.47,1.66,47.0,4.09,2.49,12.70,3.73,21.83,2.34,14.50,20.02,1199.380005,495000.0,1.00,1.90,underperform,adp,1430000000.0,2.88,3420000.0000000005,19.00,1312531911.0,9.304824046879649,2.7659574468085046
85,0.74,12.33,1800000000.0,1.10,0.61,2012-01-04 00:07:51,-1.03565318262004,2.57,11.58,8.70,25160000000.0,11.58,2.47,17.97,4150000000.0000005,0.17,74.70,25160000000.0,1280000000.0,18.19,1.95,54.0,4.38,2.59,12.57,3.93,21.71,2.47,13.10,20.65,1277.300049,507000.0,1.00,2.10,underperform,adp,1270000000.0,2.60,3650000.0,21.19,1325653671.0,16.406023552990405,15.370370370370365
86,0.77,12.64,1810000000.0,1.08,0.58,2012-04-20 21:07:33,-8.722470093282908,2.71,11.58,20.90,25480000000.0,11.58,2.46,18.22,4150000000.0000005,0.17,75.80,25480000000.0,1340000000.0,18.17,1.99,55.0,4.32,2.59,12.98,3.61,22.47,2.46,7.40,21.07,1378.530029,480000.0,1.00,2.30,underperform,adp,1360000000.0,2.76,3600000.0,20.31,1334970453.0,25.63156100237381,16.909090909090903
87,0.84,13.20,1900000000.0,1.07,0.27,2012-07-26 00:02:28,-7.03557080497005,2.78,10.77,6.70,25350000000.0,10.77,2.41,18.53,4150000000.0000005,0.16,75.90,25350000000.0,1370000000.0,19.32,2.10,55.0,4.19,2.56,13.02,3.14,21.69,2.41,6.80,21.53,1360.02002,555000.0,1.10,2.50,underperform,adp,1690000000.0,3.46,1730000.0,19.95,1343275348.0,23.944661714060953,16.909090909090903
88,0.83,13.00,1530000000.0,1.07,7.29,2013-02-06 18:15:11,-13.972874292450413,2.83,12.28,0.90,29030000000.0,12.28,2.69,18.95,4430000000.0,0.19,76.00,29030000000.0,1390000000.0,18.89,2.22,60.0,4.71,2.75,12.87,4.39,22.59,2.69,5.90,22.23,1512.119995,448000.00000000006,0.90,2.30,underperform,adp,1150000000.0,2.38,45900000.0,21.34,1360192511.0,37.80620762578374,23.83333333333333
89,0.83,13.19,1550000000.0,1.08,0.46,2013-04-23 04:13:36,-14.188924743756264,2.87,15.85,4.20,30250000000.0,15.85,2.88,20.60,4430000000.0,0.19,77.40,30250000000.0,1370000000.0,15.10,2.45,65.0,4.94,3.01,13.39,3.01,21.78,2.88,7.90,21.66,1578.780029,670000.0,1.40,3.40,underperform,adp,1420000000.0,2.93,2930000.0,22.85,1366704816.0,43.881232436063954,29.69230769230769
90,0.83,13.19,1550000000.0,1.08,0.46,2013-04-26 14:37:22,-13.438978283598725,2.87,15.85,4.20,30250000000.0,15.85,2.88,20.92,4430000000.0,0.19,77.40,30250000000.0,1370000000.0,15.10,2.48,66.0,5.06,3.08,13.39,3.01,21.78,2.88,7.90,21.66,1582.23999,670000.0,1.40,3.40,underperform,adp,1420000000.0,2.93,2930000.0,23.20,1367001442.0,44.19655404117448,30.757575757575754
91,1.032,5.614,25795999.999999996,1.614,1.614,2004-06-20 07:36:21,43.27418691638526,1.246,26.8,277.10,4120000000.0,26.8,3.96,23.04,80352000.0,4.76,87.77,4470000000.0,15531000.0,14.74,1.53,39.4,6.97,4.27,14.95,16.10,25.50,3.96,15.40,8.332,1132.050049,321000.0,2.97,1.783,outperform,adsk,35393000.0,3.12,1.614,31.62,1087731381.0,9.923782626761938,53.1979695431472
92,1.06,5.614,25795999.999999996,1.614,1.614,2004-08-03 23:39:21,47.07228696279436,1.246,26.86,277.10,4130000000.0,26.86,3.97,23.37,80352000.0,4.76,88.88,4540000000.0,15531000.0,14.74,1.54,39.96,7.03,4.31,14.95,16.10,25.50,3.97,15.40,8.332,1099.689941,458000.0,4.24,2.112,outperform,adsk,35393000.0,3.12,1.614,32.07,1091590761.0,6.781566891059492,53.85385385385385
93,1.315,2.847,37313000.0,1.637,1.637,2005-04-19 09:08:08,29.874601705344343,0.89,23.33,84.10,6690000000.0,23.33,5.42,24.76,1060000000.0,2.15,87.25,7230000000.0,22151000.0,19.04,1.65,31.69,11.13,5.86,17.95,20.97,34.17,5.42,29.60,4.985,1152.780029,415000.00000000006,1.86,1.359,outperform,adsk,53269000.00000001,2.34,1.637,35.49,1113916088.0,11.93669523375316,41.8112969390975
94,2.13,8.98,57870000.00000001,1.75,5.45,2013-02-06 12:50:17,5.888795905500615,1.06,15.97,59.60,7560000000.0,15.97,3.29,18.42,1990000000.0,0.16,95.30,7560000000.0,24490000.0,15.22,1.18,39.0,4.35,3.82,10.66,6.80,12.74,3.29,0.10,10.13,1512.119995,362000.0,1.60,1.60,outperform,adsk,1330000000.0,5.92,11000000.0,36.85,1360173017.0,46.8291528124481,52.717948717948715
95,2.15,9.14,55910000.0,2.45,36.49,2013-05-14 02:47:26,-8.776838143226698,1.07,16.10,3.50,7690000000.0,16.10,3.33,15.88,2069999999.9999998,0.12,91.80,7690000000.0,24740000.0,15.13,1.26,38.0,4.35,3.85,10.70,5.80,12.60,3.33,2.40,10.21,1650.339966,381000.0,1.70,1.50,underperform,adsk,1950000000.0,8.73,74560000.0,36.36,1368514046.0,60.25052235375301,51.473684210526315
96,1.72,22.61,1560000000.0,1.05,48.01,2013-04-23 04:44:32,0.0,1.72,8.65,12.90,11770000000.0,8.65,3.63,21.49,1850000000.0,0.12,86.70,11770000000.0,40600000.0,23.47,2.20,43.0,1.93,2.96,12.52,5.20,7.70,3.63,1.80,13.96,1578.780029,495000.0,2.20,3.20,underperform,adt,38200000.0,1.74,2530000000.0,25.49,1366706672.0,0.0,0.0
97,1.72,20.42,1600000000.0,1.14,69.94,2013-05-09 13:05:42,-0.7606284906043363,1.74,9.21,1.90,12640000000.0,9.21,3.88,21.91,1850000000.0,0.12,86.70,12640000000.0,40800000.0,23.22,2.23,44.0,2.18,3.09,12.53,5.09,8.18,3.88,1.70,14.10,1626.670044,822000.0000000001,3.70,2.40,underperform,adt,41900000.0,1.85,3230000000.0,25.57,1368119142.0,3.0333557633316093,2.272727272727273
98,0.12,28.576,1040000000.0,1.598,0.804,2004-09-24 17:33:50,0.0,3.16,7.89,37.20,12830000000.0,7.89,2.69,15.10,3080000000.0,1.02,54.42,8950000000.0,52772000.0,23.11,5.47,46.07,1.61,1.88,11.08,3.74,11.34,2.69,19.60,28.079,1110.109985,741000.0,3.85,9.802,underperform,aee,51100000.0,2.63,4380000000.0,14.58,1096061630.0,0.0,0.0
99,0.107,28.576,1040000000.0,1.598,0.804,2004-11-02 15:30:15,2.1986583512959057,3.136,8.13,37.20,13210000000.0,8.13,2.78,15.74,3080000000.0,1.02,54.90,9330000000.0,52789000.0,23.14,5.77,48.01,1.68,1.96,11.10,3.74,11.34,2.78,19.60,27.933,1130.560059,361000.0,1.88,7.157,outperform,aee,51100000.0,2.63,4380000000.0,15.31,1099423815.0,1.84216647686489,4.040824828160796
100,0.167,29.774,91500000.0,0.875,0.974,2005-03-05 21:55:16,2.107843484462977,2.83,9.7,37.20,15860000000.0,9.7,3.07,16.00,3080000000.0,1.02,53.44,10070000000.0,52972000.0,20.89,5.57,51.83,1.72,1.93,10.27,3.37,10.02,3.07,19.60,27.694,1210.079956,590000.0,3.07,10.387,outperform,aee,6900000.0,0.36,5860000000.0,18.34,1110077716.0,9.005411387232948,11.113254871695926
101,0.24,32.64,1880000000.0,1.29,86.81,2012-04-23 16:14:50,-71.74844470100543,2.15,6.56,51.90,14630000000.0,6.56,1.99,16.72,2610000000.0,0.12,1.50,14630000000.0,51900000.0,19.37,3.47,31.0,0.97,1.05,7.07,3.77,6.60,1.99,7.50,30.38,1366.939941,470000.0,1.90,3.10,underperform,aee,25500000.0,1.05,7000000000.0,14.63,1335212090.0,23.135541475198966,-48.612903225806456
102,0.383,21.51,2600000000.0,0.803,1.435,2005-04-04 22:37:45,-0.11857922861861514,2.85,7.01,890.00,25190000000.0,7.01,1.79,13.27,7610000000.0,0.76,65.52,13460000000.0,1130000000.0,16.31,4.03,33.96,1.59,0.96,8.02,3.24,13.42,1.79,3.40,35.497,1176.119995,1950000.0,4.96,11.574,underperform,aep,70800000.0,1.79,12310000000.0,11.93,1112668665.0,6.950145777499653,6.831566548881038
103,0.55,28.33,35310000000.0,0.77,136.63,2011-04-08 04:53:43,-11.176774841846067,2.53,7.46,26.10,35310000000.0,7.46,2.45,10.91,8260000000.0,0.08,68.30,35310000000.0,1210000000.0,20.49,2.81,35.0,1.26,1.19,8.39,3.74,9.04,2.45,4.60,30.10,1328.170044,484000.0,1.00,1.80,underperform,aep,48500000.0,1.01,18690000000.0,14.02,1302252823.0,20.776774841846066,9.6
104,0.36,30.69,3830000000.0,0.66,123.75,2012-07-27 00:36:41,-3.2035268913552173,4.09,8.17,10.20,38040000000.0,8.17,2.53,13.40,8270000000.0,0.08,61.90,38040000000.0,1600000000.0,18.94,4.01,41.0,1.34,1.33,13.17,3.44,11.20,2.53,2.80,31.09,1385.969971,736000.0,1.50,2.50,underperform,aep,36600000.0,0.76,18380000000.0,10.25,1343363801.0,26.032795184038143,22.829268292682926
105,0.34,31.37,3800000000.0,0.67,126.19,2013-04-25 05:13:54,-7.426088356372432,2.60,8.87,93.20,43520000000.0,8.87,2.91,15.33,8550000000.000001,0.08,62.80,43520000000.0,1260000000.0,20.01,4.29,50.0,1.61,1.65,8.42,3.51,8.44,2.91,4.90,30.84,1585.160034,437000.0,0.90,2.00,underperform,aep,36200000.0,0.75,19230000000.0,19.59,1366881234.0,44.14608835637243,36.72
106,1.05,32.58,1770000000.0,0.75,43.00,2012-12-19 21:05:07,-93.10265243752822,5.23,4.73,1.80,17059999999.999998,4.73,0.48,8.32,10250000000.0,0.30,90.80,17059999999.999998,1840000000.0,8.93,0.86,46.0,1.43,0.44,5.22,5.01,17.18,0.48,5.20,101.78,1435.810059,1678000.0,5.20,3.80,underperform,aet,3180000000.0,9.51,4690000000.0,8.80,1355969107.0,24.624391567963006,-68.47826086956522
107,1.09,32.77,1350000000.0,0.99,63.37,2013-06-05 05:12:09,-71.00405998174598,4.84,6.00,4.10,21220000000.0,6.00,0.57,9.47,10860000000.0,0.37,97.40,21220000000.0,1640000000.0,8.31,0.98,59.0,1.82,0.52,4.40,4.72,15.57,0.57,7.00,111.29,1608.900024,480000.0,1.60,1.50,underperform,aet,5250000000.0,16.12,6800000000.0,12.26,1370423529.0,39.648127778356155,-31.35593220338983
108,2.53,27.25,9610000000.0,0.42,33.03,2011-12-30 09:10:57,0.1409423403826615,3.94,7.17,7.80,22440000000.0,7.17,1.04,6.50,4930000000.0,3.03,65.30,22440000000.0,1860000000.0,14.16,0.62,43.0,1.59,0.94,8.62,1.79,15.56,1.04,11.90,46.04,1257.599976,916000.0,2.00,2.50,outperform,afl,1960000000.0,4.20,4200000000.0,10.98,1325254257.0,22.114871613105713,22.255813953488374
109,1.76,29.18,12230000000.0,0.43,30.49,2012-07-17 03:10:14,-10.158622690631137,5.03,5.88,101.80,22310000000.0,5.88,0.96,6.29,6700000000.0,3.05,64.30,22310000000.0,2360000000.0,16.08,0.60,43.0,1.49,0.88,10.17,2.15,19.14,0.96,20.30,49.82,1363.670044,695000.0,1.50,2.10,underperform,afl,2240000000.0,4.79,4160000000.0,8.59,1342509014.0,32.41443664411951,22.255813953488374
110,0.144,7.186,36500000.0,3.024,0.637,2004-08-10 02:33:38,-13.967117056069297,1.171,25.85,169.80,9510000000.0,25.85,5.00,21.33,1440000000.0,1.98,89.14,9310000000.0,15780000.000000002,15.94,1.22,69.32,9.91,5.03,8.33,8.48,18.98,5.00,24.30,14.349,1079.040039,263000.0,2.00,4.17,underperform,agn,65060000.0,4.85,60279999.99999999,59.20,1092119618.0,3.3929681812856654,-10.574148874783631
111,0.165,7.186,42480000.0,3.024,0.637,2004-11-02 14:09:49,-14.053723472224437,1.298,26.32,169.80,9690000000.0,26.32,4.92,22.38,1440000000.0,1.98,89.42,9730000000.0,17380000.0,15.94,1.43,72.5,10.09,5.12,8.83,9.21,20.64,4.92,24.30,14.903,1130.560059,314000.0,2.38,2.86,underperform,agn,65060000.0,4.85,60279999.99999999,55.86,1099418989.0,8.329585541189948,-5.72413793103449
112,0.275,8.501,51860000.0,2.994,0.522,2005-03-10 01:40:57,-17.433143585443986,2.84,18.22,169.80,9610000000.0,18.22,4.70,20.73,1440000000.0,1.97,90.41,9910000000.0,37710000.0,25.78,1.34,75.47,8.89,4.85,18.48,18.90,40.70,4.70,24.30,15.383,1209.25,320000.0,2.49,3.038,underperform,agn,89480000.0,6.82,58320000.00000001,26.60,1110436857.0,15.869608405902436,-1.5635351795415489
113,0.65,18.02,1340000000.0,4.42,28.52,2012-08-22 22:58:41,-25.61623211559768,3.41,14.22,19.80,24940000000.0,14.22,4.44,17.91,4670000000.0,0.19,91.90,24940000000.0,1050000000.0,28.29,1.53,85.0,4.80,4.64,18.79,11.99,20.24,4.44,5.20,18.49,1413.48999,330000.0,1.10,1.40,underperform,agn,2670000000.0,8.88,1560000000.0,25.05,1345690721.0,35.43976152736238,9.8235294117647
114,0.63,19.44,1600000000.0,4.07,26.63,2013-04-22 02:49:52,-17.549669557976948,3.58,17.86,15.90,32500000000.0,17.86,5.60,20.91,5030000000.0,0.16,88.20,32500000000.0,1100000000.0,28.45,1.78,113.0,5.78,5.76,18.93,11.67,19.70,5.60,7.60,19.26,1562.5,478000.0,1.60,3.80,underperform,agn,2960000000.0,9.94,1560000000.0,31.77,1366613392.0,49.7178111508973,32.16814159292035
115,0.64,17.93,1510000000.0,3.83,40.37,2013-05-12 05:08:18,-29.56846928646791,2.88,16.49,94.60,30800000000.0,16.49,5.20,19.12,5030000000.0,0.16,88.20,30800000000.0,1140000000.0,28.58,1.57,104.0,5.75,5.19,14.90,11.79,21.16,5.20,8.30,19.73,1626.670044,494000.00000000006,1.70,4.20,underperform,agn,2250000000.0,7.59,2160000000.0,36.17,1368349698.0,55.86654620954483,26.29807692307692
116,0.95,5.62,31725000.0,2.35,397.17,2013-05-14 20:29:12,-86.67410422012915,0.70,17.56,202.30,10050000000.0,17.56,9.99,14.88,61896000.0,0.97,102.70,10050000000.0,8136000.0,22.95,1.51,32.0,5.73,4.67,13.56,2.19,0.71,9.99,3.70,7.15,1650.339966,555000.0,5.10,5.40,underperform,aiv,4956000.0,0.34,4720000000.0,47.09,1368577752.0,59.64285422012916,-27.031249999999996
117,0.87,65.92,67970000.0,0.68,20.58,2013-04-22 18:49:03,-2.9902817989360244,5.67,3.75,84.30,3530000000.0,3.75,0.42,8.07,2220000000.0,0.80,96.60,3530000000.0,48370000.0,9.62,0.83,46.0,0.71,0.43,5.69,1.83,9.62,0.42,2.50,100.96,1562.5,351000.0,4.50,3.80,underperform,aiz,1210000000.0,15.36,1070000000.0000001,8.24,1366670943.0,32.2728904945882,29.282608695652172
118,1.58,36.85,21280000000.0,0.51,30.87,2011-05-05 15:24:18,-66.47948156741069,2.45,8.83,332.50,21280000000.0,8.83,0.67,8.93,8830000000.0,0.08,72.00,21280000000.0,1330000000.0,6.79,1.11,33.0,0.92,0.56,4.18,1.03,7.19,0.67,4.50,59.05,1335.099976,748000.0,1.50,1.90,underperform,all,2630000000.0,5.03,5970000000.0,13.71,1304623458.0,20.267360355289473,-46.21212121212121
119,1.60,36.85,19020000000.0,0.51,30.87,2011-07-14 00:16:09,-84.28384347088536,2.45,7.89,332.50,19020000000.0,7.89,0.60,7.90,8830000000.0,0.08,72.00,19020000000.0,1330000000.0,6.79,2.76,29.0,0.81,0.49,4.18,1.03,7.19,0.60,4.50,59.05,1308.869995,728000.0,1.40,1.80,underperform,all,2630000000.0,5.03,5970000000.0,12.17,1310616969.0,17.90453312605777,-66.37931034482759
120,1.22,37.27,1930000000.0,0.71,33.86,2012-03-11 04:48:46,-78.68792754379429,1.51,12.48,144.60,20040000000.0,12.48,0.61,7.84,9090000000.0,0.07,77.20,20040000000.0,78800000.0,4.24,0.95,31.0,0.84,0.48,2.41,0.68,4.18,0.61,1.80,62.71,1365.910034,850000.0,1.70,1.70,underperform,all,2069999999.9999998,4.15,6330000000.0,20.97,1331455726.0,23.042766253471715,-55.64516129032258
121,1.01,44.06,2990000000.0,0.57,31.80,2013-05-09 08:24:15,-45.001719324032116,4.61,6.61,7.40,25350000000.0,6.61,0.76,9.63,11700000000.0,0.11,77.00,25350000000.0,2250000000.0,10.86,1.12,49.0,1.13,0.70,6.73,1.80,11.29,0.76,1.20,69.10,1626.670044,976000.0,2.20,3.10,underperform,all,3990000000.0,8.52,6560000000.0,10.79,1368102255.0,46.532331568930076,1.530612244897959
122,2.239,3.006,32043000.0,3.203,3.203,2004-06-22 11:22:40,0.0,0.472,23.02,70.00,6470000000.0,23.02,7.39,23.65,56133000.00000001,2.07,84.97,7520000000.0,18376000.0,27.01,1.49,20.1,6.69,8.60,21.00,12.31,16.06,7.39,16.20,2.249,1134.410034,1169000.0,3.19,1.526,underperform,altr,1050000000.0,2.82,3.203,42.58,1087917760.0,0.0,0.0
123,2.272,3.05,31450000.0,3.044,3.044,2004-09-17 01:25:17,-2.5603563308288715,0.577,20.17,70.00,6490000000.0,20.17,6.91,23.49,56133000.00000001,2.06,84.80,7250000000.0,22297000.0,29.90,1.35,19.5,6.36,7.69,23.75,14.57,19.54,6.91,16.20,2.426,1128.550049,1282000.0,3.52,1.754,underperform,altr,1080000000.0,2.9,3.044,33.80,1095398717.0,-0.5165667460942127,-3.076923076923084
124,2.287,3.05,31450000.0,3.044,3.044,2004-10-13 13:42:20,0.2635793068181562,0.577,19.52,70.00,6280000000.0,19.52,6.69,24.74,56133000.00000001,2.06,84.82,7360000000.0,22297000.0,29.90,1.42,19.79,6.49,7.84,23.75,14.57,19.54,6.69,16.20,2.426,1113.650024,1672000.0,4.59,2.173,outperform,altr,1080000000.0,2.9,3.044,34.30,1097689340.0,-1.8300270076771874,-1.5664477008590312
125,2.313,3.232,32704000.000000004,3.22,3.22,2004-12-09 07:30:24,4.626113988539538,0.684,21.19,70.00,7280000000.0,21.19,7.32,30.83,56133000.00000001,2.07,86.91,8260000000.0,26229000.000000004,30.84,1.72,22.2,7.00,8.48,26.39,16.70,22.87,7.32,16.20,2.587,1189.23999,1778000.0,4.88,2.171,outperform,altr,1150000000.0,3.09,3.22,32.46,1102595424.0,4.833345470919912,9.45945945945945
126,2.337,3.232,32704000.000000004,3.595,3.595,2005-02-04 08:02:17,-12.567241737767484,0.72,18.49,70.00,5820000000.0,18.49,5.73,24.19,56133000.00000001,1.15,83.96,7030000000.0,27511000.0,30.99,1.62,18.87,5.94,7.19,27.07,17.13,23.54,5.73,16.20,2.658,1203.030029,1341000.0,3.64,2.27,underperform,altr,1200000000.0,3.23,3.595,26.21,1107522137.0,6.048958748896259,-6.518282988871225
127,2.659,3.505,31399000.0,3.356,3.356,2005-05-02 10:15:47,0.5928683628706475,0.74,20.39,77.30,6430000000.0,20.39,6.20,23.29,70620000.0,1.13,85.64,7720000000.0,28012000.0,30.39,1.42,20.73,5.91,7.43,26.98,16.78,23.15,6.20,22.90,2.726,1162.160034,1412000.0,3.84,2.455,outperform,altr,1210000000.0,3.25,3.356,28.17,1115043347.0,2.4462054432074956,3.039073806078143
128,1.27,9.30,95960000.0,3.91,16.70,2012-03-09 05:22:40,24.83136419103307,2.35,10.26,36.70,9040000000.0,10.26,4.38,16.71,1450000000.0,0.22,93.90,9040000000.0,77071000.0,41.13,1.93,37.0,4.00,5.80,37.33,13.20,28.99,4.38,17.60,6.41,1370.869995,565000.0,1.80,1.20,outperform,altr,3440000000.0,10.66,50000000.0,15.92,1331288560.0,20.8443114846426,45.67567567567567
129,1.37,10.43,58721000.0,6.78,15.00,2013-02-06 17:54:59,7.58663537173895,1.72,13.54,17.60,8510000000.0,13.54,4.77,18.08,1450000000.0,0.28,93.30,8510000000.0,55680999.99999999,33.16,1.82,34.0,3.31,6.18,31.23,8.27,17.60,4.77,4.00,5.56,1512.119995,434999.99999999994,1.40,1.50,outperform,altr,3020000000.0,9.44,50000000.0,20.08,1360191299.0,33.295717569437514,40.882352941176464
130,1.45,10.78,64692999.99999999,6.72,14.49,2013-06-02 09:56:44,-6.747895610636775,1.74,12.67,3.80,8010000000.0,12.67,4.43,18.88,1240000000.0,0.29,93.70,8010000000.0,56116000.0,32.73,1.92,33.0,3.12,5.94,31.01,8.06,17.09,4.43,7.00,5.65,1654.410034,415000.00000000006,1.30,1.30,underperform,altr,3120000000.0,9.76,50000000.0,19.08,1370181404.0,45.83880470154586,39.090909090909086
131,0.55,4.90,10150000000.0,3.08,7.24,2011-07-22 14:48:30,43.47626036519872,0.55,55.37,28.20,10150000000.0,55.37,17.22,38.09,47652000.0,1.58,100.80,10150000000.0,10293000.0,28.88,1.18,57.0,11.58,17.70,17.46,10.69,12.52,17.22,41.30,3.28,1345.02002,570000.0,3.70,4.70,outperform,alxn,34878000.0,1.90,6523000.0,104.06,1311360510.0,15.576371213748653,59.05263157894737
132,0.53,5.17,12000000000.0,3.73,0.22,2011-09-28 11:28:44,65.72679895322723,0.61,59.54,59.60,12000000000.0,59.54,18.47,40.85,47652000.0,1.58,100.80,12000000000.0,11590000.0,28.94,1.53,66.0,12.96,19.04,17.85,11.35,13.28,18.47,47.60,3.59,1151.060059,547000.0,3.60,4.00,outperform,alxn,36801000.0,1.99,206000.0,109.28,1317223724.0,-1.0904353168635952,64.63636363636364
133,0.61,9.64,39644000.0,3.90,8.60,2012-11-07 01:50:15,54.23594451843895,1.13,43.82,40.60,16860000000.0,43.82,16.19,32.72,69029000.0,1.27,97.80,16860000000.0,22202000.0,35.20,1.16,90.0,9.40,16.90,21.33,12.02,15.17,16.19,44.20,5.54,1394.530029,516000.0,3.20,5.30,outperform,alxn,90553000.0,4.66,16100000.0,79.93,1352271015.0,19.830722148227714,74.06666666666666
134,0.56,9.64,39644000.0,3.90,8.60,2013-02-06 13:28:04,45.496455853920516,1.13,46.21,40.60,17770000000.0,46.21,17.07,34.16,69029000.0,1.27,97.80,17770000000.0,22202000.0,35.20,1.27,95.0,9.89,17.79,21.33,12.02,15.17,17.07,44.20,5.54,1512.119995,438999.99999999994,2.70,3.50,outperform,alxn,90553000.0,4.66,16100000.0,84.35,1360175284.0,29.935123093447906,75.43157894736842
135,0.54,10.72,39430000.0,5.24,7.13,2013-05-16 20:58:25,35.06767591879274,1.46,42.88,81.00,19450000000.0,42.88,15.83,31.23,1060000000.0,1.15,96.90,19450000000.0,29163000.0,35.54,1.37,101.0,9.82,16.71,23.74,11.60,17.66,15.83,38.50,6.37,1650.469971,434000.0,2.50,2.30,outperform,alxn,1020000000.0,5.24,14900000.0,69.88,1368752305.0,41.82341319011815,76.89108910891089
136,2.347,5.097,83845000.0,4.769,0.065,2004-06-20 10:05:12,-22.367613013230475,0.251,28.54,155.40,25390000000.0,28.54,4.31,15.12,1600000000.0,0.87,70.02,30740000000.0,43437000.0,9.00,0.88,18.14,3.60,5.28,7.38,4.18,5.33,4.31,11.60,3.444,1132.050049,2728000.0,1.62,0.72,underperform,amat,5910000000.0,3.49,55891999.99999999,72.27,1087740312.0,8.144900775082744,-14.22271223814773
137,2.276,5.361,1390000000.0,4.595,0.061,2004-09-16 23:22:07,-30.808447119375927,0.529,14.43,155.40,22870000000.0,14.43,3.25,14.72,1600000000.0,0.87,69.02,28500000000.0,91175000.0,17.50,0.94,16.78,3.13,4.05,12.97,8.46,10.88,3.25,11.60,4.074,1123.5,3669000.0,2.18,1.204,underperform,amat,6600000000.0,3.88,55832000.00000001,31.72,1095391327.0,7.328113388744237,-23.48033373063169
138,2.305,5.361,1390000000.0,4.595,0.061,2004-10-18 20:51:33,-37.06561692731478,0.529,13.01,155.40,20620000000.0,13.01,2.93,15.25,1600000000.0,0.87,68.73,26930000000.0,91175000.0,17.50,1.03,15.86,2.93,3.79,12.97,8.46,10.88,2.93,11.60,4.074,1114.02002,4110000.0,2.44,1.231,underperform,amat,6600000000.0,3.88,55832000.00000001,29.98,1098147093.0,6.422489562875937,-30.64312736443884
139,2.292,5.501,1390000000.0,4.494,0.049,2004-12-09 07:35:16,-33.58510234951031,0.787,13.44,155.40,23700000000.0,13.44,2.96,17.62,1600000000.0,0.31,68.22,29330000000.0,1350000000.0,22.01,1.63,17.27,3.19,3.72,16.86,12.03,15.61,2.96,11.60,4.652,1189.23999,3764000.0,2.22,1.054,underperform,amat,6580000000.0,3.87,45630000.0,21.94,1102595716.0,13.608263901334283,-19.976838448176025
140,1.27,6.49,10140000000.0,3.13,22.77,2011-09-25 19:13:07,-115.107031679349,1.45,3.36,287.00,10140000000.0,3.36,0.90,10.59,3720000000.0,0.13,79.30,10140000000.0,1940000000.0,24.58,0.85,10.0,1.60,1.22,17.28,13.89,24.50,0.90,10.70,8.48,1129.560059,2348000.0,2.10,1.20,underperform,amat,5760000000.0,4.37,1950000000.0,7.30,1316992387.0,7.907031679349018,-107.19999999999999
141,1.56,6.74,2140000000.0000002,2.44,23.34,2012-09-18 07:09:26,-127.77267653697336,0.83,7.77,54.20,14560000000.0,7.77,1.57,14.74,4360000000.0,0.20,79.30,14560000000.0,1080000000.0,16.09,2.03,11.0,1.77,1.60,11.66,6.79,12.78,1.57,15.90,7.18,1459.319946,1850000.0,1.40,1.60,underperform,amat,2160000000.0,1.75,1950000000.0,14.33,1347966566.0,39.409040173337004,-88.36363636363636
142,1.56,6.74,2140000000.0000002,2.44,23.34,2012-10-17 10:51:48,-127.92457786778073,0.83,7.12,54.20,13340000000.0,7.12,1.44,15.14,4360000000.0,0.25,77.50,13340000000.0,1080000000.0,16.09,1.90,11.0,1.66,1.50,11.66,6.79,12.78,1.44,15.90,7.18,1460.910034,1829000.0,1.40,1.40,underperform,amat,2160000000.0,1.75,1950000000.0,13.45,1350485508.0,39.56094150414437,-88.36363636363636
143,1.54,5.95,1690000000.0,2.42,27.25,2013-04-25 00:13:15,-110.81517690527195,0.02,11.74,70.90,15710000000.0,11.74,1.94,12.86,3310000000.0,0.41,78.60,15710000000.0,2600000.0,11.38,2.41,13.0,2.26,1.99,0.32,4.55,0.33,1.94,28.10,6.53,1585.160034,1505000.0,1.30,1.30,underperform,amat,1750000000.0,1.46,1950000000.0,649.05,1366863195.0,51.43056152065658,-59.38461538461538
144,1.54,5.95,1690000000.0,2.42,27.25,2013-04-26 00:41:19,-99.15160930567473,0.02,11.74,70.90,15710000000.0,11.74,1.94,13.35,3310000000.0,0.41,78.60,15710000000.0,2600000.0,11.38,2.41,14.0,2.29,2.02,0.32,4.55,0.33,1.94,28.10,6.53,1582.23999,1505000.0,1.30,1.30,underperform,amat,1750000000.0,1.46,1950000000.0,673.81,1366951279.0,51.151609305674725,-47.99999999999999
145,0.563,15.639,3700000000.0,2.206,0.259,2005-03-25 04:19:49,-26.545384983958385,1.80,19.84,4.60,73040000000.0,19.84,6.92,17.98,8820000000.0,0.68,68.47,73890000000.0,2360000000.0,31.73,1.13,58.98,3.76,6.99,22.40,8.81,12.07,6.92,26.30,7.992,1171.709961,1916000.0,1.54,2.552,underperform,amgn,5810000000.0,4.64,5110000000.0,32.86,1111738789.0,14.84650400735615,-11.698880976602236
146,0.563,15.639,3700000000.0,2.206,0.259,2005-04-03 20:54:40,-30.590471205838885,1.80,19.33,4.60,71150000000.0,19.33,6.74,17.48,8820000000.0,0.68,68.36,71840000000.0,2360000000.0,31.73,1.10,57.35,3.72,6.91,22.40,8.81,12.07,6.74,26.30,7.992,1180.589966,1859000.0,1.49,2.45,underperform,amgn,5810000000.0,4.64,5110000000.0,31.95,1112576080.0,15.716887945158861,-14.873583260680023
147,0.50,27.72,45600000000.0,5.56,54.38,2011-09-02 18:17:06,-37.068021495609074,4.81,7.13,2.70,45600000000.0,7.13,2.98,9.73,12830000000.0,0.12,80.60,45600000000.0,4550000000.0,34.88,1.45,54.0,1.98,3.32,29.72,7.62,18.67,2.98,4.10,16.30,1173.969971,1170000.0,1.30,1.40,underperform,amgn,19170000000.0,20.75,13930000000.0,11.37,1315001826.0,15.068021495609083,-21.999999999999993
148,0.62,26.80,44760000000.0,4.60,60.57,2011-11-03 07:54:04,-45.613074998167825,4.04,7.07,63.30,44760000000.0,7.07,2.90,9.66,12830000000.0,0.12,80.60,44760000000.0,3770000000.0,34.23,1.39,54.0,2.05,3.12,24.41,7.40,15.84,2.90,3.40,16.67,1261.150024,2112000.0,2.30,3.70,underperform,amgn,17680000000.0,20.11,14260000000.0,13.57,1320321244.0,23.613074998167832,-21.999999999999993
149,0.60,26.80,5540000000.0,4.60,60.57,2012-01-03 15:47:25,-28.11001543923502,4.04,8.38,63.30,52870000000.0,8.38,3.42,11.05,12830000000.0,0.12,80.60,52870000000.0,3770000000.0,33.97,1.60,64.0,2.40,3.64,24.41,7.35,15.84,3.42,3.40,16.67,1277.060059,3861000.0,4.10,3.50,underperform,amgn,17680000000.0,20.17,14260000000.0,16.01,1325623645.0,25.172515439235028,-2.937499999999993
150,0.62,24.16,5060000000.0,3.24,113.43,2012-06-10 01:02:37,-25.772614339379444,4.26,8.71,5.20,55600000000.0,8.71,3.50,10.14,13160000000.0,0.12,81.60,55600000000.0,3740000000.0,33.61,1.09,68.0,2.86,3.39,23.57,7.25,17.06,3.50,7.90,18.26,1314.98999,1446000.0,1.80,3.50,underperform,amgn,19370000000.0,24.91,21410000000.0,16.15,1339304557.0,28.89026139820298,3.117647058823536
151,0.54,25.20,5880000000.0,3.81,139.19,2013-04-25 00:13:31,-18.717443889391603,5.52,12.14,15.60,85830000000.0,12.14,4.97,12.64,14350000000.0,0.13,81.00,85830000000.0,4340000000.0,34.66,1.60,104.0,4.47,4.89,25.17,7.25,22.82,4.97,17.10,22.28,1585.160034,1025000.0,1.40,2.30,underperform,amgn,24060000000.0,32.15,26530000000.0,19.01,1366863211.0,55.371290043237764,36.65384615384616
152,0.54,26.00,5960000000.0,5.58,122.58,2013-05-21 08:37:22,-28.192882275265667,5.91,11.60,21.10,81840000000.0,11.60,4.69,12.37,14350000000.0,0.13,81.00,81840000000.0,4600000000.0,34.08,1.58,102.0,3.93,4.39,26.33,7.37,23.95,4.69,4.70,22.82,1669.160034,978999.9999999999,1.30,2.10,underperform,amgn,21270000000.0,28.36,23890000000.0,17.30,1369139842.0,63.60464698114803,35.41176470588236
153,2.19,44.49,14100000000.0,1.15,80.07,2011-10-09 04:44:07,-5.306579564101464,4.57,4.68,19.30,14100000000.0,4.68,1.33,6.27,8289999999.999999,0.16,87.20,14100000000.0,1250000000.0,27.27,0.59,39.0,0.91,0.91,11.11,1.41,10.28,1.33,6.10,42.05,1164.969971,370000.0,1.50,1.10,underperform,amp,4120000000.0,17.43,8990000000.0,8.55,1318149847.0,-7.437010179488275,-12.74358974358974
154,1.66,44.58,1500000000.0,2.23,96.49,2013-04-22 01:29:35,14.781714645604264,4.62,7.05,64.80,18920000000.0,7.05,1.84,9.41,8410000000.0,0.16,88.80,18920000000.0,1030000000.0,23.96,0.72,72.0,1.56,1.38,10.03,1.15,9.31,1.84,3.50,46.91,1562.5,409000.0,2.00,2.40,outperform,amp,5140000000.0,25.27,9370000000.0,15.62,1366608575.0,24.148840909951293,38.93055555555556
155,0.48,8.99,27170000000.0,0.70,158.39,2011-10-07 04:27:26,68.91943781144597,0.96,19.83,15.60,27170000000.0,19.83,12.23,40.58,1510000000.0,1.00,95.10,27170000000.0,38401000.0,38.76,2.69,55.0,6.12,9.82,17.29,5.50,10.88,12.23,27.10,5.57,1155.459961,633000.0,1.60,1.90,outperform,amt,33389999.999999996,0.84,5700000000.0,57.91,1317976046.0,11.771471279463116,80.69090909090909
156,0.29,8.82,1280000000.0,1.00,203.24,2012-07-06 19:09:53,53.7858803278951,1.32,21.63,141.00,34920000000.0,21.63,13.55,34.75,1820000000.0,0.05,92.90,34920000000.0,52592999.99999999,40.38,2.26,70.0,8.08,10.90,20.41,5.56,14.10,13.55,23.80,6.53,1354.680054,438999.99999999994,1.10,1.80,outperform,amt,47126000.0,1.19,7290000000.0,53.74,1341616193.0,31.04269110067634,84.82857142857144
157,0.14,9.28,1410000000.0,1.21,234.16,2013-05-15 18:14:17,26.745529792199576,1.47,21.95,22.50,41280000000.0,21.95,13.84,32.11,2150000000.0,0.05,94.50,41280000000.0,58738000.0,40.25,1.61,83.0,9.02,11.10,19.70,5.54,14.78,13.84,15.20,7.55,1658.780029,385000.0,1.00,2.00,outperform,amt,44171000.0,1.12,8850000000.0,57.02,1368656057.0,60.45928948490885,87.20481927710843
158,0.622,15.253,13169999.999999998,1.017,0.979,2004-09-17 02:01:15,-15.186085425956996,1.33,10.48,25.60,8270000000.0,10.48,0.42,11.15,2960000000.0,38.00,76.88,4520000000.0,37140000.0,3.65,1.14,16.95,1.09,0.23,1.90,4.19,9.35,0.42,0.50,69.951,1128.550049,1118000.0,6.76,9.655,underperform,an,5680000.0,0.21,4000000000.0,12.74,1095400875.0,9.168386310912751,-6.017699115044246
159,0.77,16.132,42070000.0,1.078,0.781,2005-04-05 07:47:49,-10.427443888542108,1.45,9.63,9.50,8189999999.999999,9.63,0.42,11.40,3010000000.0,29.46,77.42,4970000000.0,39640000.0,3.95,1.26,18.69,1.16,0.26,2.04,4.47,9.55,0.42,0.20,71.283,1181.390015,1311000.0,7.00,14.332,underperform,an,10720000.0,0.4,3330000000.0,12.89,1112701669.0,14.279771336375186,3.852327447833079
160,0.793,16.451,43680000.0,1.071,0.773,2005-05-28 13:14:24,-5.8711877773942405,1.64,9.769,11.10,8510000000.0,9.769,0.44,12.00,3010000000.0,1.37,76.50,5200000000.0,39620000.0,4.05,1.30,19.8,1.19,0.27,2.28,5.53,9.53,0.44,0.30,73.217,1190.01001,1212000.0,4.70,11.7,underperform,an,2870000.0,0.109,3340000000.0,12.11,1117300464.0,15.113612019818493,9.242424242424253
161,1.34,14.01,8029999999.999999,1.10,154.65,2011-03-12 05:47:25,17.855543398679366,1.43,14.00,9.10,8029999999.999999,14.00,0.65,15.94,2130000000.0,72.52,40.00,8029999999.999999,23530000.0,3.99,1.02,33.0,2.35,0.39,1.82,5.46,10.74,0.65,16.20,79.42,1320.02002,1232000.0,14.10,9.10,outperform,an,9510000.0,0.64,3220000000.0,23.49,1299926845.0,27.68991114677518,45.54545454545455
162,1.33,14.39,7800000000.0,1.09,139.76,2011-05-22 03:33:08,15.574576109649254,1.56,12.99,25.70,7800000000.0,12.99,0.60,15.46,2130000000.0,30.74,74.10,7800000000.0,24680000.0,4.03,0.92,33.0,2.35,0.39,1.86,5.73,11.05,0.60,16.70,85.38,1343.599976,1341000.0,20.30,14.00,outperform,an,8430000.0,0.57,2990000000.0,21.17,1306049588.0,29.970878435805293,45.54545454545455
163,1.33,14.39,7880000000.0,1.09,139.76,2011-06-04 10:52:17,18.384671821266043,1.56,13.13,25.70,7880000000.0,13.13,0.61,15.80,2130000000.0,30.74,74.10,7880000000.0,24680000.0,4.03,0.93,33.0,2.37,0.39,1.86,5.73,11.05,0.61,16.70,85.38,1314.550049,1328000.0,20.10,14.40,outperform,an,8430000.0,0.57,2990000000.0,21.54,1307199137.0,27.160782724188504,45.54545454545455
164,1.33,14.39,8020000000.0,1.09,139.76,2011-06-22 11:44:19,22.637739526380514,1.56,13.36,25.70,8020000000.0,13.36,0.62,16.25,2130000000.0,30.74,74.10,8020000000.0,24680000.0,4.03,0.96,34.0,2.41,0.40,1.86,5.73,11.05,0.62,16.70,85.38,1287.140015,1256000.0,19.00,20.50,outperform,an,8430000.0,0.57,2990000000.0,22.15,1308757459.0,24.5093192971489,47.14705882352941
165,1.33,14.39,8289999999.999999,1.09,139.76,2011-06-29 09:02:27,23.613227922460606,1.56,13.81,25.70,8289999999.999999,13.81,0.64,17.10,2130000000.0,30.74,74.10,8289999999.999999,24680000.0,4.03,0.96,36.0,2.53,0.42,1.86,5.73,11.05,0.64,16.70,85.38,1307.410034,1212000.0,18.30,13.70,outperform,an,8430000.0,0.57,2990000000.0,23.30,1309352547.0,26.47010541087273,50.083333333333336
166,1.13,14.52,8250000000.0,1.13,147.35,2011-08-16 15:42:33,33.27751422368722,1.76,13.31,52.30,8250000000.0,13.31,0.63,16.42,2130000000.0,30.74,74.10,8250000000.0,27010000.000000004,4.10,0.97,35.0,2.46,0.40,2.02,5.90,13.22,0.63,7.50,89.06,1192.76001,1151000.0,17.40,13.80,outperform,an,8180000.0,0.56,3120000000.0,20.15,1313523753.0,15.379628633455637,48.65714285714286
167,0.86,12.67,37080000.0,1.06,271.59,2012-07-28 07:42:49,25.656465014820228,2.15,13.02,9.30,8930000000.0,13.02,0.61,14.33,2300000000.0,29.97,69.70,8930000000.0,29310000.000000004,4.08,0.76,40.0,3.09,0.32,1.98,6.07,16.09,0.61,17.00,110.30,1337.890015,848000.0,21.20,13.80,outperform,an,6210000.0,0.52,4150000000.0000005,18.68,1343475769.0,29.418534985179782,55.07500000000001
168,0.94,14.73,45160000.0,1.04,251.78,2013-05-14 09:51:37,0.4238124465375108,2.64,13.08,13.70,10020000000.0,13.08,0.62,13.93,2490000000.0,57.06,2.60,10020000000.0,32700000.0,4.20,0.79,45.0,3.11,0.35,2.03,6.26,19.50,0.62,12.00,132.60,1650.339966,288000.0,5.70,4.10,outperform,an,4630000.0,0.38,4500000000.0,17.36,1368539497.0,59.64285422012916,60.06666666666667
169,1.583,9.057,30423000.0,2.688,2.688,2004-04-11 04:03:14,1.1667064960983886,2.073,8.14,15.60,2700000000.0,8.14,1.58,12.85,65604999.99999999,0.48,87.25,3220000000.0,20510000.0,19.42,0.85,33.4,3.99,2.04,12.01,18.74,25.60,1.58,16.90,17.195,1139.319946,521000.0,5.42,2.417,outperform,anf,52107000.00000001,5.4,2.688,16.11,1081670594.0,10.629700689530347,11.796407185628736
170,1.602,10.298,28189999.999999996,2.688,2.688,2004-06-07 20:30:50,9.920628672542879,2.073,7.35,5.20,2930000000.0,7.35,1.71,13.80,71740000.0,0.37,92.22,3510000000.0,20510000.0,19.42,0.91,37.13,3.54,2.02,12.01,18.74,25.60,1.71,7.00,17.195,1140.420044,339000.0,3.60,2.106,outperform,anf,52107000.00000001,5.52,2.688,17.91,1086654650.0,10.73652187957132,20.6571505521142
171,1.587,9.371,33651000.0,2.946,2.946,2004-08-10 03:04:16,7.230738479042245,2.123,6.27,5.20,2560000000.0,6.27,1.45,12.26,71740000.0,0.41,88.92,3180000000.0,20923000.0,19.10,0.80,33.48,3.49,1.75,11.80,18.55,25.24,1.45,7.00,17.986,1079.040039,348000.0,3.68,2.506,outperform,anf,53736000.0,5.66,2.946,15.77,1092121456.0,4.776429979739108,12.007168458781353
172,1.56,9.774,34130000.0,2.617,2.617,2004-10-12 05:47:19,12.04402682106585,2.214,6.78,5.20,2880000000.0,6.78,1.58,14.02,71740000.0,0.38,95.00,3530000000.0,21726000.0,19.34,0.91,37.28,3.74,1.90,11.95,18.30,25.30,1.58,7.00,18.569,1121.839966,396000.0,4.21,1.937,outperform,anf,58215000.0,6.16,2.617,16.84,1097574439.0,8.932368028719557,20.976394849785407
173,1.865,8.74,36459000.0,1.958,1.958,2005-01-28 05:22:27,27.054982697472056,2.126,9.55,5.20,3890000000.0,9.55,2.05,17.34,71740000.0,7.06,95.00,4340000000.0,20690000.0,17.56,1.15,49.76,5.69,2.29,10.92,16.98,24.01,2.05,7.00,19.529,1171.359985,376000.0,4.65,2.112,outperform,anf,44341000.0,5.09,1.958,23.41,1106907747.0,13.740837238219259,40.79581993569131
174,1.798,7.349,36459000.0,1.597,1.597,2005-02-27 08:07:02,29.13458336059804,2.29,12.52,5.20,4380000000.0,12.52,2.16,15.86,71740000.0,7.06,95.00,4730000000.0,21749000.0,17.29,1.06,54.23,7.37,2.34,10.76,16.79,27.08,2.16,7.00,21.252,1200.199951,334000.0,4.12,1.829,outperform,anf,35037000.0,4.02,1.597,23.70,1109509622.0,16.541241828411724,45.675825189009764
175,1.66,21.70,5540000000.0,2.23,1.39,2011-10-23 13:43:24,39.288127665491444,2.20,9.38,64.40,5540000000.0,9.38,1.46,14.82,2210000000.0,1.31,98.40,5540000000.0,19901000.0,9.45,1.20,69.0,3.21,1.60,5.27,7.74,10.74,1.46,22.90,43.24,1215.390015,599000.0,8.00,2.40,outperform,anf,53961000.0,6.21,2629000.0,31.62,1319391804.0,18.016220160595505,57.30434782608695
176,1.64,21.70,4420000000.0,2.23,1.39,2011-11-15 05:16:26,26.18051848155283,2.20,7.48,64.40,4420000000.0,7.48,1.17,12.75,2210000000.0,1.31,98.40,4420000000.0,19901000.0,9.45,1.02,57.0,2.62,1.30,5.27,7.74,10.74,1.17,22.90,43.24,1257.810059,667000.0,8.90,3.20,outperform,anf,53961000.0,6.21,2629000.0,25.99,1321352186.0,22.135270992131375,48.315789473684205
177,1.50,22.16,40372000.0,2.06,1.36,2011-12-27 06:24:14,15.749815896485494,2.23,6.24,1.70,3710000000.0,6.24,0.93,11.42,2210000000.0,1.31,98.40,3710000000.0,19988000.0,9.03,0.90,48.0,2.23,1.07,5.04,7.48,10.58,0.93,21.50,45.58,1265.430054,550000.0,7.40,1.20,outperform,anf,48834000.0,5.68,2632000.0,21.80,1324985054.0,22.875184103514506,38.625
178,2.21,20.51,33088000.0,2.04,3.88,2012-06-10 08:21:25,-19.750029314463962,1.19,4.69,88.10,2360000000.0,4.69,0.56,7.53,2520000000.0,1.43,92.80,2360000000.0,10550000.0,6.43,0.49,32.0,1.57,0.63,2.49,6.06,5.86,0.56,10.10,49.23,1314.98999,542000.0,7.60,2.10,underperform,anf,35952000.0,4.36,6570999.999999999,27.03,1339330885.0,27.68752931446396,7.937499999999997
179,2.17,20.54,34604000.0,1.78,8.13,2012-10-14 07:23:23,-31.19344134013944,1.03,5.33,51.60,2530000000.0,5.33,0.59,10.84,2520000000.0,1.40,93.80,2530000000.0,8899000.0,5.81,0.77,32.0,1.63,0.65,2.08,5.36,4.97,0.59,3.80,50.32,1432.839966,978999.9999999999,13.80,3.80,underperform,anf,33226000.0,4.02,13783000.000000002,31.85,1350213803.0,39.13094134013944,7.937499999999997
180,2.21,20.54,34604000.0,1.78,8.13,2012-11-07 15:11:00,-22.058046977011692,1.03,5.52,51.60,2620000000.0,5.52,0.61,11.30,2520000000.0,1.40,93.80,2620000000.0,8899000.0,5.81,0.80,34.0,1.66,0.66,2.08,5.36,4.97,0.61,3.80,50.32,1394.530029,1010000.0,14.20,4.70,underperform,anf,33226000.0,4.02,13783000.000000002,32.99,1352319060.0,35.41098815348228,13.352941176470587
181,1.54,13.52,18671000.0,3.412,3.412,2004-09-23 14:25:10,-42.61564848105634,1.694,5.85,25.90,1540000000.0,5.85,0.88,12.25,86624000.0,1.22,95.00,1820000000.0,12382000.0,11.94,0.85,25.48,1.90,1.05,7.07,10.72,14.64,0.88,15.00,23.475,1108.359985,145000.0,2.05,1.122,underperform,ann,34720000.0,4.86,3.412,15.04,1095963910.0,7.215334509313795,-35.40031397174254
182,1.586,13.52,18671000.0,3.412,3.412,2004-10-13 23:19:29,-63.977057513236865,1.694,4.71,25.90,1240000000.0,4.71,0.71,11.94,86624000.0,2.06,95.00,1580000000.0,12382000.0,11.94,0.80,22.08,1.65,0.91,7.07,10.72,14.64,0.71,15.00,23.475,1113.650024,221000.0,3.16,1.531,underperform,ann,34720000.0,4.86,3.412,13.03,1097723969.0,7.7270575132368515,-56.250000000000014
183,1.706,13.402,9670000.0,3.2,3.2,2005-02-07 11:27:26,-66.83561768560311,1.47,6.01,25.90,1430000000.0,6.01,0.79,19.42,86624000.0,2.08,90.23,1620000000.0,10776000.0,9.98,1.29,22.91,1.63,0.85,5.94,9.16,12.17,0.79,15.00,24.529,1201.719971,426000.0,6.17,3.547,underperform,ann,18873000.0,2.67,3.2,15.54,1107793646.0,16.246355354743223,-50.58926233085989
184,1.523,13.121,16926000.0,2.41,2.41,2005-04-19 08:16:27,-56.16632062598927,0.83,7.92,37.30,1450000000.0,7.92,0.78,16.22,94755000.0,0.81,89.84,1710000000.0,6328000.0,5.66,1.05,23.85,1.82,0.92,3.41,5.14,6.65,0.78,16.70,25.415,1152.780029,564000.0,7.93,3.762,underperform,ann,25481000.0,3.55,2.41,28.77,1113912987.0,11.512232575674819,-44.654088050314456
185,0.51,25.71,18880000000.0,1.14,53.53,2011-08-18 09:21:16,0.0,2.67,9.41,68.60,18880000000.0,9.41,1.84,12.02,8510000000.0,4.11,86.00,18880000000.0,87600000.0,14.84,1.53,46.0,1.81,1.47,8.55,3.50,13.01,1.84,48.10,31.71,1140.650024,264000.0,0.80,1.50,underperform,aon,81500000.0,2.50,4530000000.0,17.41,1313673676.0,0.0,0.0
186,0.73,25.47,1410000000.0,1.14,55.30,2011-12-21 15:02:05,-9.036071085025458,2.72,8.41,37.50,18480000000.0,8.41,1.65,12.67,8510000000.0,4.11,86.00,18480000000.0,93000000.0,14.60,1.43,46.0,1.80,1.32,8.33,3.92,13.71,1.65,51.20,33.17,1243.719971,478000.0,1.50,1.80,underperform,aon,90200000.0,2.79,4580000000.0,16.98,1324497725.0,9.036071085025458,0.0
187,0.73,25.47,1410000000.0,1.14,55.30,2011-12-28 18:42:02,-9.555077254791687,2.72,8.60,37.50,18910000000.0,8.60,1.69,12.89,8510000000.0,4.11,86.00,18910000000.0,93000000.0,14.60,1.49,46.0,1.85,1.36,8.33,3.92,13.71,1.69,51.20,33.17,1249.640015,478000.0,1.50,1.80,underperform,aon,90200000.0,2.79,4580000000.0,17.27,1325115722.0,9.555077254791687,0.0
188,0.73,25.47,1410000000.0,1.14,55.30,2012-01-28 05:43:21,-12.088103078553617,2.72,8.75,37.50,19240000000.0,8.75,1.72,13.23,8510000000.0,4.28,87.20,19240000000.0,93000000.0,14.60,1.54,48.0,1.87,1.38,8.33,3.92,13.71,1.72,51.20,33.17,1326.060059,346000.0,1.10,1.90,underperform,aon,90200000.0,2.79,4580000000.0,17.72,1327747401.0,16.254769745220283,4.166666666666666
189,0.73,25.47,1410000000.0,1.14,55.30,2012-01-28 14:58:47,-12.088103078553617,2.72,8.75,37.50,19240000000.0,8.75,1.72,13.26,8510000000.0,4.28,87.20,19240000000.0,93000000.0,14.60,1.55,48.0,1.87,1.38,8.33,3.92,13.71,1.72,51.20,33.17,1326.060059,346000.0,1.10,1.90,underperform,aon,90200000.0,2.79,4580000000.0,17.72,1327780727.0,16.254769745220283,4.166666666666666
190,0.431,21.131001,2710000000.0,1.08,0.319,2004-05-12 19:41:03,0.0,3.451,4.82,102.40,15520000000.0,4.82,3.55,13.43,3430000000.0,16.00,80.74,13060000000.0,1130000000.0,44.71,1.43,40.16,1.93,3.04,25.88,9.40,18.16,3.55,63.70,13.406,1097.280029,405999.99999999994,1.49,1.697,underperform,apa,6115000.0,0.19,2190000000.0,11.64,1084405263.0,0.0,0.0
191,0.446,22.011999,2780000000.0,1.187,0.301,2004-09-19 14:30:16,13.908915339888564,3.835,5.4,102.40,17830000000.0,5.4,3.91,10.98,3430000000.0,16.01,77.02,15640000000.0,1260000000.0,44.20,0.84,47.98,2.13,3.35,27.65,10.07,19.32,3.91,63.70,13.943,1123.5,250000.0,0.91,1.427,outperform,apa,9748000.0,0.3,2190000000.0,12.51,1095618616.0,2.3895423508158995,16.298457690704463
192,0.442,22.011999,2780000000.0,1.187,0.301,2004-10-27 04:46:49,23.13572740968407,3.835,5.91,102.40,19520000000.0,5.91,4.28,10.22,3430000000.0,16.01,77.52,17620000000.0,1260000000.0,44.20,0.87,54.05,2.42,3.80,27.65,10.07,19.32,4.28,63.70,13.943,1125.400024,322000.0,1.18,1.705,outperform,apa,9748000.0,0.3,2190000000.0,14.09,1098866809.0,2.5626999723695887,25.69842738205366
193,1.52,69.46,9100000000.0,1.14,25.81,2011-12-30 22:31:04,40.767109328256595,10.28,3.46,28.80,41270000000.0,3.46,2.60,7.33,9880000000.0,0.48,86.40,41270000000.0,4010000000.0,49.31,0.69,90.0,1.30,2.18,25.76,11.58,16.39,2.60,43.40,41.51,1257.599976,399000.0,1.00,1.30,outperform,apa,58600000.0,1.53,7200000000.0,8.81,1325302264.0,14.610668449521189,55.37777777777778
194,1.69,74.09,9980000000.0,1.05,26.50,2012-06-07 09:06:44,31.773582644850904,10.60,3.09,29.70,40400000000.0,3.09,2.34,6.41,13990000000.0,0.39,85.40,40400000000.0,4170000000.0,49.36,0.78,83.0,1.13,1.89,24.59,10.86,15.47,2.34,15.50,44.93,1314.98999,484000.0,1.30,1.50,outperform,apa,24500000.0,0.63,7870000000.0,7.88,1339074404.0,19.840875186474392,51.614457831325296
195,1.79,76.87,8500000000.0,0.90,39.40,2013-04-23 05:22:32,-2.084130986788587,4.92,3.17,43.80,39250000000.0,3.17,2.33,6.99,13810000000.0,0.41,83.60,39250000000.0,1920000000.0,41.43,1.17,69.0,0.90,1.60,11.89,7.73,6.63,2.33,1.60,43.28,1578.780029,604000.0,1.50,1.80,underperform,apa,16000000.0,0.41,12340000000.0,14.07,1366708952.0,43.881232436063954,41.79710144927537
196,1.78,76.87,8500000000.0,0.90,39.40,2013-05-10 03:19:15,1.533424362396289,4.92,3.37,43.80,41760000000.0,3.37,2.48,8.27,13810000000.0,0.41,83.60,41760000000.0,1920000000.0,41.43,1.25,81.0,1.01,1.81,11.89,7.73,6.63,2.48,1.60,43.28,1633.699951,644000.0,1.70,2.00,outperform,apa,16000000.0,0.41,12340000000.0,16.56,1368170355.0,48.88632872402347,50.41975308641976
197,0.623,37.334,3500000000.0,0.598,0.475,2005-01-23 01:45:43,20.577221230793953,5.89,4.99,55.50,20430000000.0,4.99,3.56,9.41,4290000000.0,2.00,78.20,16010000000.000002,1490000000.0,46.26,1.03,63.9,1.71,2.79,26.03,7.12,16.99,3.56,32.70,22.677,1175.410034,672000.0,2.74,3.121,outperform,apc,15400000.0,0.61,4480000000.0,10.85,1106462743.0,13.992418831803855,34.569640062597806
198,0.611,38.053001,3500000000.0,1.206,0.395,2005-03-06 05:42:18,31.22486063452283,6.37,5.38,55.50,23280000000.0,5.38,3.84,12.73,4290000000.0,2.00,78.13,20390000000.0,1600000000.0,47.49,1.51,81.37,2.08,3.26,26.47,7.67,17.77,3.84,32.70,24.099,1210.469971,605000.0,2.46,3.304,outperform,apc,87400000.0,3.49,3670000000.0,12.78,1110105738.0,17.392565935466113,48.61742656998894
199,1.47,42.03,46780000000.0,1.65,60.68,2011-05-13 21:22:08,13.761750359984912,0.52,8.52,69.80,46780000000.0,8.52,4.28,17.98,8720000000.0,0.33,86.30,46780000000.0,26000000.0,14.93,1.28,74.0,1.77,3.38,2.39,1.99,1.54,4.28,3.00,22.05,1337.77002,450000.0,0.90,1.40,outperform,apc,3460000000.0,6.96,13220000000.0,141.34,1305336128.0,29.73824964001508,43.49999999999999
200,2.35,42.06,8950000000.0,1.80,66.12,2013-05-16 15:24:29,-7.575561457859479,1.38,7.29,78.70,55290000000.0,7.29,4.06,16.69,10720000000.0,0.33,86.70,55290000000.0,68900000.0,15.40,0.97,88.0,2.10,3.25,5.11,2.42,3.43,4.06,9.00,27.20,1650.469971,898000.0,1.80,2.60,underperform,apc,3740000000.0,7.45,14760000000.0,64.61,1368732269.0,60.064197821495846,52.48863636363637
201,0.833,17.523001,97850000.0,1.536,0.646,2004-04-11 04:17:28,-3.5880510971326567,1.793,11.22,24.40,14150000000.0,11.22,2.16,17.17,1680000000.0,5.93,84.40,11670000000.0,40330000.0,9.28,1.94,51.34,2.93,1.79,6.41,4.58,10.71,2.16,16.60,29.097,1139.319946,120000.0,0.56,1.251,underperform,apd,9290000.0,0.41,2570000000.0,28.63,1081671448.0,1.1533023632019987,-2.434748733930658
202,0.715,18.679001,1000000000.0,1.405,0.579,2004-09-30 16:49:17,4.013690882605763,2.491,9.76,24.40,14800000000.0,9.76,2.09,17.54,1680000000.0,5.94,85.27,12320000000.0,56729999.99999999,11.83,2.00,54.2,2.93,1.76,8.26,6.08,14.24,2.09,16.60,31.077,1114.579956,187000.0,0.87,2.084,outperform,apd,8950000.0,0.39,2460000000.0,21.76,1096577357.0,-1.0432111778087167,2.9704797047970466
203,0.742,18.679001,1000000000.0,1.405,0.579,2004-11-29 02:19:46,2.7575966347194694,2.491,10.08,24.40,15280000000.0,10.08,2.16,16.46,1680000000.0,5.94,85.60,12910000000.0,56729999.99999999,11.83,1.80,56.79,3.05,1.83,8.26,6.08,14.24,2.16,16.60,31.077,1178.569946,149000.0,0.70,1.324,outperform,apd,8950000.0,0.39,2460000000.0,22.80,1101712786.0,4.638071616733243,7.395668251452713
204,0.678,20.856001,1240000000.0,1.447,0.541,2005-03-15 11:14:35,11.768670981382517,2.78,10.32,52.10,16910000000.0,10.32,2.19,18.19,1950000000.0,5.80,85.13,14620000000.0,63910000.0,11.91,2.01,64.22,3.05,1.88,8.55,6.55,14.83,2.19,17.70,33.522,1197.75,191000.0,0.89,2.199,outperform,apd,27270000.0,1.2,2570000000.0,23.13,1110899675.0,6.34095218896939,18.109623170351906
205,1.24,27.49,24070000000.0,1.35,72.72,2011-07-21 11:46:56,24.745341969642464,5.04,9.85,20.80,24070000000.0,9.85,2.53,14.50,2520000000.0,0.08,85.10,24070000000.0,1100000000.0,16.63,1.40,94.0,3.42,2.10,11.56,7.32,19.65,2.53,11.20,44.53,1343.800049,240000.0,1.10,1.80,outperform,apd,27720000.0,1.31,4400000000.0,18.67,1311263216.0,19.307849519719237,44.0531914893617
206,1.12,30.52,1800000000.0,1.27,75.54,2012-11-06 21:25:11,6.61230060484732,5.44,9.06,57.30,21520000000.0,9.06,2.24,12.40,2770000000.0,0.17,86.00,21520000000.0,99920000.0,15.96,1.90,79.0,2.58,1.74,12.14,6.14,15.84,2.24,0.20,45.51,1428.390015,252000.0,1.20,3.50,outperform,apd,45440000.0,2.14,5290000000.0,14.65,1352255111.0,26.818079141988115,33.430379746835435
207,1.10,30.56,1660000000.0,1.05,86.63,2013-05-15 13:09:58,-5.064218814925148,5.58,10.17,1.90,24590000000.0,10.17,2.46,15.06,2560000000.0,0.18,86.80,24590000000.0,1060000000.0,15.41,1.87,91.0,3.00,1.91,11.93,5.98,16.36,2.46,6.00,47.48,1658.780029,426999.99999999994,2.00,3.90,underperform,apd,40160000.0,1.93,5990000000.0,16.41,1368637798.0,47.27301002371635,42.208791208791204
208,1.984,4.049,15547000.0,2.225,1.476,2004-05-21 16:30:26,-101.93962847968488,1.307,12.77,29.40,3300000000.0,12.77,2.50,15.97,41878000.0,54.97,80.95,2750000000.0,11634000.0,16.74,1.05,31.14,7.84,2.12,8.83,10.03,42.51,2.50,16.70,14.825,1093.560059,146000.0,3.67,3.574,underperform,aph,2840000.0,0.32,52702000.0,23.83,1085171426.0,-2.9094402422162093,-104.84906872190109
209,2.085,4.88,18712000.0,1.846,1.088,2005-01-22 01:12:56,-74.83036279009326,1.822,12.58,29.40,3730000000.0,12.58,2.44,15.73,41878000.0,12.98,95.00,3330000000.0,16331000.0,17.59,1.05,37.6,7.60,2.24,10.67,13.46,43.20,2.44,16.70,17.067,1184.630005,177000.0,2.30,3.654,underperform,aph,2252000.0,0.25,46984000.0,20.64,1106374376.0,5.176107470944326,-69.65425531914893
210,2.105,5.474,18712000.0,1.92,0.932,2005-03-06 06:27:14,-67.30490911697343,1.82,12.52,29.40,3950000000.0,12.52,2.58,15.96,41878000.0,12.98,94.34,3530000000.0,16331000.0,18.08,0.96,39.91,7.36,2.33,10.67,13.26,40.96,2.58,16.70,17.055,1210.469971,225999.99999999997,2.93,3.211,underperform,aph,3017000.0,0.34,44905000.0,21.92,1110108434.0,7.47028120416962,-59.83462791280382
211,1.53,15.68,69073000.0,3.34,67.07,2013-05-12 15:28:10,-24.15965936233165,3.56,13.81,20.90,13500000000.0,13.81,3.08,18.80,1340000000.0,0.24,100.30,13500000000.0,58176000.0,19.41,1.50,80.0,4.99,2.85,13.25,10.88,24.50,3.08,10.00,27.31,1626.670044,241000.0,1.50,4.00,underperform,aph,1020000000.0,6.39,1690000000.0,22.55,1368386890.0,44.42215936233165,20.2625
